,member_casual,rideable_type,ride_duration,start_lat,start_lng,end_lat,end_lng
2614150,member,classic_bike,27.366666666666667,41.884728,-87.619521,41.918306,-87.636282
1398499,casual,electric_bike,3.8666666666666667,41.785046,-87.6011345,41.791478,-87.599861
5575848,member,electric_bike,8.866666666666667,41.895617604,-87.677102923,41.900363,-87.696704
2531088,member,classic_bike,6.5,41.935733,-87.663576,41.9364968219,-87.6475386582
4607971,member,classic_bike,19.616666666666667,41.940231918108594,-87.65294373035431,41.978353,-87.659753
1987160,casual,electric_bike,13.65,41.886338,-87.62583766666667,41.91,-87.63
2629936,member,classic_bike,26.85,41.8776415962753,-87.64961779117584,41.89841768945,-87.6865960164
4551030,member,electric_bike,8.283333333333333,41.957803166666665,-87.64938283333333,41.95,-87.68
720115,member,electric_bike,3.85,41.79,-87.59,41.78,-87.6
3844300,casual,electric_bike,0.21666666666666667,41.91,-87.63,41.91,-87.63
5207494,member,electric_bike,17.933333333333334,41.94,-87.69,41.91,-87.69
3335703,member,electric_bike,38.78333333333333,42.05,-87.69,41.96,-87.72
5289631,casual,docked_bike,9.816666666666666,41.881032,-87.624084,41.886875,-87.62603
3673285,casual,classic_bike,39.63333333333333,41.949399,-87.654529,41.880958,-87.616743
5393809,casual,electric_bike,29.7,41.882588267,-87.641566396,41.918306,-87.636282
2839627,member,electric_bike,4.5,41.87786633333333,-87.63531933333333,41.888243,-87.63639
5370735,member,classic_bike,5.266666666666667,41.891795,-87.658751,41.8951727127816,-87.66754701733589
122510,member,classic_bike,0.43333333333333335,41.894666,-87.638437,41.894666,-87.638437
636726,member,electric_bike,15.016666666666667,42.05290166666666,-87.67338633333334,42.019159,-87.673573
2235702,casual,electric_bike,7.1,41.857646,-87.619459,41.864059,-87.623727
5644859,member,electric_bike,5.716666666666667,41.79,-87.6,41.79,-87.59
5263241,member,electric_bike,4.4,41.94,-87.67,41.94,-87.67
3088642,member,classic_bike,11.983333333333333,41.929546,-87.643118,41.93953161982257,-87.6711143553257
4424416,member,electric_bike,15.233333333333333,41.902822666666665,-87.6345355,41.892278,-87.612043
4580178,casual,electric_bike,33.36666666666667,41.885588166666665,-87.652327,41.89,-87.65
5048245,casual,electric_bike,5.3,41.87592266666667,-87.63088766666667,41.8839840647265,-87.6246839761734
5333109,member,electric_bike,11.983333333333333,41.880657434,-87.635809302,41.90345,-87.667747
1119825,member,classic_bike,23.833333333333332,41.90345,-87.667747,41.94815,-87.66394
3690796,casual,electric_bike,26.466666666666665,41.8661135,-87.60733933333333,41.884576228,-87.63188991
816321,member,electric_bike,10.15,41.91193733333333,-87.63480616666666,41.885837,-87.6355
1343380,casual,classic_bike,5.816666666666666,41.886024,-87.624117,41.876243,-87.624426
4206268,member,classic_bike,3.15,41.89637337,-87.66098386,41.90068,-87.6626
1626998,member,electric_bike,3.283333333333333,41.95,-87.66,41.952833,-87.649993
4023094,casual,classic_bike,8.966666666666667,41.93132,-87.638742,41.918306,-87.636282
1407644,member,classic_bike,3.3333333333333335,41.896746973093805,-87.63566762208939,41.896944626370825,-87.62175768613815
4001815,member,classic_bike,14.133333333333333,41.88318130597391,-87.64872461557388,41.90348607004,-87.6433534936
3786130,member,classic_bike,5.633333333333334,42.01058656284,-87.6624120948,42.015962,-87.66857
3146126,casual,electric_bike,8.483333333333333,41.925525,-87.65367033333334,41.931248,-87.644336
7998,member,classic_bike,10.283333333333333,41.95434085219,-87.6860796243,41.961507,-87.671387
3058185,casual,classic_bike,4.483333333333333,41.945529,-87.646439,41.95786652415174,-87.64950513839722
518463,member,classic_bike,8.933333333333334,41.888243,-87.63639,41.872596,-87.633502
669361,casual,electric_bike,2.35,41.785135984,-87.601118326,41.791478,-87.599861
239885,member,electric_bike,4.366666666666666,41.98,-87.65,41.99,-87.65
2658960,casual,electric_bike,70.36666666666666,41.89417,-87.622495,41.867888,-87.623041
1187934,member,electric_bike,29.783333333333335,41.95403133333333,-87.71893666666666,42.00797192287,-87.6655023944
2727044,member,classic_bike,19.3,41.918216,-87.656936,41.884114,-87.654264
742010,member,electric_bike,2.7,41.94,-87.71,41.95,-87.71
2303997,member,classic_bike,9.533333333333333,41.90270659438,-87.709219571,41.91751339399,-87.7018089555
2682762,member,electric_bike,16.683333333333334,41.8991815,-87.67221883333333,41.9267559875,-87.6344287848
1637815,member,classic_bike,27.283333333333335,41.838556,-87.608218,41.795212,-87.580715
77875,casual,electric_bike,8.233333333333333,41.88,-87.62,41.885837,-87.6355
613337,member,classic_bike,36.71666666666667,41.877181,-87.627844,41.954245,-87.654406
5409776,casual,classic_bike,17.95,41.791478,-87.599861,41.78509714636,-87.6010727606
3908058,casual,electric_bike,8.033333333333333,41.91577066666667,-87.63463,41.93132,-87.638742
1987997,casual,electric_bike,33.46666666666667,41.966474295,-87.688734531,41.89,-87.65
455961,member,electric_bike,5.233333333333333,41.891088833333335,-87.6354815,41.89,-87.65
1309227,member,classic_bike,4.016666666666667,41.883601657275165,-87.64862671494483,41.88283,-87.661206
1597533,casual,electric_bike,14.666666666666666,41.89921316666667,-87.6721455,41.890762,-87.631697
5558153,member,electric_bike,167.15,41.88145216666667,-87.6749145,41.888716036,-87.6444478533
5368281,member,electric_bike,9.7,41.889959097,-87.634173512,41.88577925240433,-87.65102460980414
5391181,casual,electric_bike,17.683333333333334,41.879180833333336,-87.63512716666666,41.918306,-87.636282
1344587,casual,classic_bike,10.933333333333334,41.89993001,-87.63443007,41.91021,-87.6435
697782,member,classic_bike,28.483333333333334,42.025784,-87.684107,41.98404411519213,-87.65228122472763
1093069,member,electric_bike,32.333333333333336,41.97,-87.69,41.968987,-87.696027
2517473,member,classic_bike,20.916666666666668,41.94018,-87.65304,41.910522,-87.653106
1404976,casual,classic_bike,5.316666666666666,41.91849115368695,-87.69742280244827,41.917741,-87.691392
5417943,member,classic_bike,14.933333333333334,41.946655,-87.683359,41.96590013976,-87.6936384935
1231655,casual,electric_bike,35.233333333333334,41.87771166666667,-87.64945483333334,41.906724,-87.63483
3112293,casual,classic_bike,122.2,41.836208,-87.613533,41.836208,-87.613533
3574961,casual,electric_bike,29.783333333333335,41.92,-87.76,41.89380805624359,-87.64169722795485
4106049,casual,electric_bike,4.65,41.921506,-87.7073415,41.922695,-87.697153
1260428,casual,electric_bike,41.4,41.92559266666667,-87.653732,42.001785,-87.688829
3052369,casual,electric_bike,7.866666666666666,41.93311666666666,-87.647691,41.949399,-87.654529
2875111,member,electric_bike,7.716666666666667,41.90282716666667,-87.63155733333333,41.918306,-87.636282
5674489,member,electric_bike,9.283333333333333,41.88,-87.65,41.87,-87.68
748891,member,electric_bike,5.6,41.878892,-87.63977983333334,41.880419,-87.655519
3186252,member,electric_bike,5.933333333333334,41.94905333333333,-87.64852333333333,41.96,-87.65
911203,casual,docked_bike,6.216666666666667,41.935733,-87.663576,41.928773,-87.663913
3146999,casual,electric_bike,13.45,41.93775933333333,-87.644052,41.92,-87.63
2863496,member,classic_bike,9.833333333333334,41.935733,-87.663576,41.940106,-87.645451
2755911,casual,classic_bike,19.05,41.92409085038,-87.6764600747,41.943739,-87.66402
1916560,casual,classic_bike,22.216666666666665,41.99086044812557,-87.66972362995148,41.949399,-87.654529
836680,casual,docked_bike,17.35,41.963982,-87.638181,41.989743,-87.660141
1371951,casual,classic_bike,19.016666666666666,41.894722,-87.634362,41.91801814237187,-87.65218198299408
5418535,casual,electric_bike,7.266666666666667,41.9616475,-87.654587,41.96909,-87.674237
3719409,casual,classic_bike,34.71666666666667,41.892278,-87.612043,41.86722595682,-87.6153553902
5453247,member,classic_bike,1.7666666666666666,41.791478,-87.599861,41.79430062054,-87.6014497734
4200573,member,classic_bike,7.666666666666667,41.87772613,-87.65478743,41.880317,-87.635185
3701196,casual,electric_bike,12.85,41.838212,-87.645178,41.80887,-87.66454
3451266,member,electric_bike,7.2,41.93313833333333,-87.64777483333333,41.93,-87.67
4927617,member,classic_bike,22.333333333333332,41.84358,-87.645368,41.831379,-87.618034
863143,casual,classic_bike,8.433333333333334,41.961588,-87.666036,41.967096,-87.667429
4197252,member,classic_bike,26.8,41.872187,-87.661501,41.864883,-87.647071
365801,member,classic_bike,4.55,41.954245,-87.654406,41.95078,-87.659172
3315547,casual,electric_bike,69.0,41.90250266666666,-87.62785333333333,41.872773,-87.623981
1176298,member,electric_bike,2.1666666666666665,41.932449102,-87.652758121,41.94,-87.65
5677253,member,electric_bike,0.08333333333333333,41.873194,-87.66889733333333,41.87,-87.67
2708937,member,electric_bike,8.1,41.9690925,-87.67418983333333,41.96,-87.71
5072027,casual,electric_bike,3.8666666666666667,41.87974466666667,-87.63479383333333,41.888243,-87.63639
2237943,member,classic_bike,6.516666666666667,41.838464,-87.635406,41.8378,-87.65114
3366512,member,electric_bike,10.883333333333333,41.9,-87.62,41.91,-87.64
4878664,member,classic_bike,5.5,41.872187,-87.661501,41.871737,-87.65103
3015519,member,classic_bike,6.683333333333334,41.872773,-87.623981,41.87943409140013,-87.63550400733948
569894,casual,electric_bike,8.283333333333333,41.91013,-87.64353283333334,41.903222,-87.634324
4076354,member,classic_bike,19.35,41.929546,-87.643118,41.890762,-87.631697
1887036,member,electric_bike,19.216666666666665,41.935541666666666,-87.6637405,41.88577925240433,-87.65102460980414
3177934,casual,electric_bike,18.116666666666667,41.86721583333333,-87.6153355,41.87,-87.64
3810960,casual,classic_bike,15.9,41.907655,-87.672552,41.922695,-87.697153
757376,member,classic_bike,30.416666666666668,41.94454,-87.654678,41.880419,-87.655519
3615739,member,electric_bike,2.033333333333333,41.9658475,-87.700805,41.965875,-87.700825
4567522,member,electric_bike,2.85,41.87,-87.69,41.87,-87.68
2375153,member,electric_bike,14.583333333333334,41.95,-87.71,41.94,-87.67
627839,casual,electric_bike,11.016666666666667,41.8755315,-87.6309645,41.89675,-87.63089
1397922,casual,electric_bike,27.55,41.93934133333333,-87.66840716666667,41.872187,-87.661501
5168727,member,classic_bike,2.033333333333333,41.788746,-87.601334,41.79430062054,-87.6014497734
2179974,member,electric_bike,12.683333333333334,41.85781766666667,-87.62446133333333,41.877945,-87.662007
2806946,casual,electric_bike,5.133333333333334,41.88348916666666,-87.63761183333334,41.886024,-87.624117
2682518,casual,electric_bike,17.35,41.89172411,-87.620630622,41.901315,-87.677409
4191686,casual,classic_bike,7.8,41.87831661183069,-87.64098107814789,41.88283,-87.661206
935986,member,electric_bike,27.25,41.856564641,-87.627499342,41.903222,-87.634324
4634481,member,classic_bike,9.2,41.94367,-87.64895,41.958494,-87.654966
3112819,casual,classic_bike,14.65,41.8810317,-87.62408432,41.88937546663168,-87.62707650661469
1043129,member,electric_bike,17.933333333333334,41.73,-87.61,41.73,-87.61
3520072,member,classic_bike,2.55,41.92154,-87.653818,41.918216,-87.656936
1354604,casual,electric_bike,8.516666666666667,41.94368833333333,-87.6489355,41.96,-87.65
3174803,casual,electric_bike,11.083333333333334,41.97371683333333,-87.659955,41.99,-87.66
3460563,member,classic_bike,15.366666666666667,41.954383,-87.648043,41.95600355078549,-87.68016144633293
1218814,casual,classic_bike,16.616666666666667,41.872596,-87.633502,41.881892,-87.648789
5305306,member,electric_bike,4.183333333333334,41.88263666666667,-87.64075466666667,41.88917683258,-87.6385057718
1377176,member,classic_bike,7.966666666666667,42.015962,-87.66857,42.012701,-87.666058
5250740,member,electric_bike,15.016666666666667,41.84,-87.66,41.86,-87.69
572185,member,classic_bike,3.6166666666666667,41.97334764047304,-87.6678554713726,41.967096,-87.667429
5567874,member,electric_bike,6.416666666666667,41.936197281,-87.652573466,41.92533,-87.6658
3777213,member,classic_bike,11.883333333333333,41.87831661183069,-87.64098107814789,41.893992,-87.629318
1439511,member,electric_bike,6.016666666666667,41.902866333333336,-87.6316175,41.89102331025185,-87.63547986745834
2432736,casual,classic_bike,9.283333333333333,41.940106,-87.645451,41.94454,-87.654678
1328839,casual,classic_bike,11.633333333333333,41.965221,-87.658139,41.95078,-87.659172
3455048,member,electric_bike,0.36666666666666664,41.885936141,-87.635363579,41.89,-87.64
3166659,casual,electric_bike,15.55,41.98353183333333,-87.66920433333334,41.98,-87.65
19314,member,classic_bike,4.583333333333333,41.929143,-87.649077,41.92556258,-87.65840426
3361790,casual,electric_bike,9.716666666666667,41.88,-87.63,41.88,-87.65
4051514,member,classic_bike,4.433333333333334,41.88602082773,-87.6308760584,41.87934437346,-87.6319852213
3989703,casual,electric_bike,22.183333333333334,41.9029085,-87.6873625,41.8793563587,-87.6297910363
4256361,casual,electric_bike,12.4,41.969126333333335,-87.67414416666666,41.949399,-87.654529
3360143,casual,electric_bike,0.4666666666666667,42.03,-87.68,42.03,-87.68
90208,casual,electric_bike,5.633333333333334,41.8,-87.68,41.800908,-87.674684
3046560,member,classic_bike,3.55,41.894722,-87.634362,41.890028,-87.636618
1599190,member,classic_bike,19.633333333333333,41.97803062248656,-87.66856491565704,41.98366470886,-87.6964225611
3385758,casual,classic_bike,4.783333333333333,41.89576474564,-87.6259080327,41.902973,-87.63128
26906,casual,electric_bike,19.533333333333335,41.96945566666667,-87.65493033333334,41.994764,-87.66018366666667
5139381,member,electric_bike,6.833333333333333,41.89404666666667,-87.64166733333333,41.909668,-87.648128
2557911,member,electric_bike,7.116666666666666,41.89678266666667,-87.63577366666667,41.903222,-87.634324
2399121,member,classic_bike,10.183333333333334,41.9364968219,-87.6475386582,41.94947274088333,-87.64645278453827
1084703,casual,classic_bike,14.366666666666667,41.892278,-87.612043,41.89766,-87.62351
56439,casual,electric_bike,3.2333333333333334,41.89556133333333,-87.62584283333334,41.8891755,-87.62759033333333
4138530,casual,electric_bike,10.45,41.9,-87.66,41.9,-87.63
2794414,member,electric_bike,5.35,41.89029416666666,-87.6263495,41.885837,-87.6355
4668436,member,classic_bike,20.366666666666667,41.91643342912655,-87.66674637794495,41.949074,-87.648636
4539792,member,electric_bike,3.816666666666667,41.940522313,-87.678623676,41.94,-87.67
4760997,member,electric_bike,3.466666666666667,41.9,-87.63,41.894722,-87.634362
4288822,member,classic_bike,21.4,41.898969,-87.629912,41.929546,-87.643118
3743519,member,classic_bike,9.5,41.8777079559,-87.6353211408,41.890762,-87.631697
2730869,member,electric_bike,14.1,41.8828345,-87.6612755,41.900363,-87.696704
750717,casual,classic_bike,4.283333333333333,41.892278,-87.612043,41.892278,-87.612043
1793818,casual,classic_bike,100.93333333333334,41.891795,-87.658751,41.886875,-87.62603
3837640,casual,electric_bike,27.533333333333335,41.9,-87.77,41.92,-87.72
2938758,member,electric_bike,20.466666666666665,41.8825545,-87.63997783333333,41.9256018819,-87.6537080423
2719080,member,classic_bike,11.816666666666666,41.96909,-87.674237,41.95434085219,-87.6860796243
2670381,member,classic_bike,6.166666666666667,41.91050936666395,-87.6823890209198,41.902997,-87.683825
5676447,member,classic_bike,16.783333333333335,41.896362458,-87.6540612729,41.922695,-87.697153
2590059,casual,electric_bike,8.933333333333334,41.9313345,-87.63873716666667,41.913865,-87.648755
3837994,casual,electric_bike,0.11666666666666667,41.93134666666667,-87.64434733333333,41.93,-87.64
4718013,member,electric_bike,5.2,41.88489783333333,-87.6281475,41.880958,-87.616743
2062251,casual,classic_bike,19.766666666666666,41.881319815,-87.6295209193,41.906866,-87.626217
5305790,member,classic_bike,5.566666666666666,41.88338,-87.64117,41.88917683258,-87.6385057718
5572203,member,electric_bike,40.266666666666666,41.95,-87.69,41.92,-87.75
2674017,member,electric_bike,9.366666666666667,41.86944116666667,-87.6555545,41.872187,-87.661501
2540040,member,classic_bike,7.4,41.950687,-87.6687,41.939743,-87.658865
4443222,member,electric_bike,12.033333333333333,41.93,-87.69,41.932418,-87.652705
4055215,member,electric_bike,35.86666666666667,41.86939733333333,-87.655396,41.888243,-87.63639
3797100,member,electric_bike,8.816666666666666,41.88,-87.66,41.879255,-87.639904
5361717,member,classic_bike,11.45,41.8310363140161,-87.62679755687714,41.842733,-87.635491
5062091,member,electric_bike,4.216666666666667,41.896451166666665,-87.62883033333334,41.894503,-87.617854
1978671,casual,electric_bike,14.366666666666667,41.8391505,-87.66568866666667,41.84,-87.66
3509315,member,electric_bike,3.816666666666667,41.965871166666666,-87.7009485,41.96835449363,-87.7118306675
3857066,member,classic_bike,19.033333333333335,41.911722,-87.626804,41.94018,-87.65304
275814,member,classic_bike,4.983333333333333,41.90068,-87.6626,41.894556,-87.653449
5420079,member,electric_bike,6.25,41.883132,-87.63758416666667,41.8750236280333,-87.6330940425396
4723853,casual,classic_bike,9.95,41.86722595682,-87.6153553902,41.880958,-87.616743
661948,member,electric_bike,4.183333333333334,41.961034,-87.64959716666667,41.949399,-87.654529
693164,member,electric_bike,6.666666666666667,41.87081883333333,-87.63113,41.867227,-87.625961
3033894,member,classic_bike,15.3,41.86650148316,-87.68469707,41.8694821,-87.6554864
2050034,member,classic_bike,3.6333333333333333,41.940775,-87.639192,41.932588,-87.636427
819138,member,electric_bike,12.566666666666666,41.870819833333336,-87.63109466666667,41.886835,-87.62232
1323389,member,electric_bike,9.3,41.96912566666666,-87.6742425,41.96668636205,-87.7080519806
5375416,member,classic_bike,13.866666666666667,41.879255,-87.639904,41.89576474564,-87.6259080327
1627451,casual,classic_bike,0.4,41.8810317,-87.62408432,41.8810317,-87.62408432
3291913,member,electric_bike,8.7,41.92887116666667,-87.66387866666666,41.921822,-87.64414
5162333,casual,classic_bike,233.83333333333334,41.92393131136619,-87.63582453131676,41.874053,-87.627716
2012897,member,classic_bike,16.316666666666666,41.940106,-87.645451,41.909668,-87.648128
2322888,member,electric_bike,34.46666666666667,41.867163062,-87.625957966,41.88,-87.64
1003070,casual,electric_bike,12.1,41.88452883333333,-87.627734,41.9,-87.63
4032341,casual,electric_bike,8.183333333333334,41.95,-87.65,41.9433502470174,-87.67066776752472
967006,member,classic_bike,3.6,41.87772613,-87.65478743,41.877945,-87.662007
3123035,member,classic_bike,8.616666666666667,41.928712,-87.653833,41.929546,-87.643118
3348383,casual,electric_bike,8.55,41.93,-87.64,41.93,-87.65
1609777,member,electric_bike,25.266666666666666,41.883842587,-87.624763608,41.895501,-87.682017
2821079,casual,classic_bike,25.35,41.890762,-87.631697,41.919936,-87.64883
2145619,casual,electric_bike,15.616666666666667,41.91,-87.63,41.932418,-87.652705
2028599,member,electric_bike,6.916666666666667,41.8875855,-87.63737883333333,41.89637337,-87.66098386
2472404,member,electric_bike,113.76666666666667,41.88,-87.63,41.877181,-87.627844
1716867,member,electric_bike,5.633333333333334,41.949276,-87.65446066666667,41.94,-87.65
1175696,member,classic_bike,10.783333333333333,41.911974,-87.631942,41.89434513742426,-87.62279838323593
2435894,member,classic_bike,25.25,41.877917,-87.735737,41.877917,-87.735737
187575,casual,electric_bike,12.0,41.89,-87.63,41.91021,-87.6435
5715127,member,classic_bike,5.15,41.87216831488104,-87.66154959797859,41.871262,-87.673688
2906542,member,classic_bike,6.883333333333334,41.880317,-87.635185,41.8839840647265,-87.6246839761734
2003207,member,classic_bike,33.95,41.906724,-87.63483,41.93947775040509,-87.6637476682663
881706,casual,classic_bike,33.983333333333334,41.78007963264,-87.6297463052,41.79342945658,-87.6158532619
849541,member,electric_bike,6.6,41.88925683333333,-87.62757316666666,41.89,-87.64
3275228,member,classic_bike,22.983333333333334,41.94947274088333,-87.64645278453827,41.93947775040509,-87.6637476682663
235038,member,electric_bike,4.8,41.79,-87.58,41.79,-87.58
1963320,casual,classic_bike,17.7,41.95600355078549,-87.68016144633293,41.932225,-87.658617
163194,casual,electric_bike,4.85,41.89491566666667,-87.63438433333333,41.888243,-87.63639
5073237,member,classic_bike,17.066666666666666,41.963982,-87.638181,41.926277,-87.630834
3665150,member,classic_bike,12.15,41.88169,-87.63953,41.892592119709725,-87.61728912591934
4147701,member,electric_bike,7.75,41.78,-87.58,41.78,-87.59
1567855,member,classic_bike,15.983333333333333,41.909668,-87.648128,41.881892,-87.648789
2563724,member,electric_bike,8.716666666666667,41.90967533333333,-87.64812033333334,41.89,-87.65
5414623,casual,docked_bike,19.583333333333332,41.791478,-87.599861,41.799494,-87.58645
5203098,member,electric_bike,0.45,41.871790171,-87.646652699,41.87,-87.65
2270048,member,electric_bike,4.9,41.95,-87.65,41.949399,-87.654529
2062782,casual,classic_bike,40.2,41.93314,-87.64776,41.92154,-87.653818
4393070,member,classic_bike,7.733333333333333,41.90345,-87.667747,41.902997,-87.683825
3609122,casual,classic_bike,29.483333333333334,41.8310363140161,-87.62679755687714,41.870769,-87.625734
3194210,member,electric_bike,15.083333333333334,41.93,-87.81,41.92,-87.77
2410047,member,classic_bike,5.8,41.88461618962,-87.6445705849,41.88283,-87.661206
1881509,casual,electric_bike,22.666666666666668,41.88100883333333,-87.61673,41.85741178707404,-87.61379152536392
5099367,member,classic_bike,9.383333333333333,41.918084,-87.643749,41.907993,-87.631501
3509914,member,electric_bike,11.7,41.899198166666665,-87.67221033333334,41.896944626370825,-87.62175768613815
5723881,member,classic_bike,8.816666666666666,41.871514,-87.669886,41.8776415962753,-87.64961779117584
3517077,casual,classic_bike,13.433333333333334,41.881319815,-87.6295209193,41.88634906269,-87.6175165471
496553,member,classic_bike,4.233333333333333,41.872187,-87.661501,41.871262,-87.673688
3055697,casual,electric_bike,2.5833333333333335,41.86530066666667,-87.61787766666667,41.865312,-87.617867
73616,member,classic_bike,43.56666666666667,41.925858,-87.638973,41.86722595682,-87.6153553902
1678490,casual,classic_bike,6.283333333333333,41.945529,-87.646439,41.954245,-87.654406
1273977,member,classic_bike,22.083333333333332,41.867227,-87.625961,41.857556,-87.661535
1979076,casual,electric_bike,12.25,41.91,-87.68,41.88,-87.67
679022,casual,docked_bike,28.416666666666668,41.880958,-87.616743,41.880958,-87.616743
2928577,casual,electric_bike,3.6666666666666665,41.915982666666665,-87.6773225,41.903266,-87.678435
4999233,member,electric_bike,16.483333333333334,41.87,-87.67,41.857813,-87.62455
4933674,casual,docked_bike,133.46666666666667,41.878119,-87.643948,41.890762,-87.631697
5688257,member,electric_bike,11.25,41.975673666666665,-87.67939483333333,42.0,-87.66
5329079,member,classic_bike,39.516666666666666,41.961004,-87.649603,41.926277,-87.630834
2996494,casual,electric_bike,7.183333333333334,41.932587,-87.63639833333333,41.915689,-87.6346
1391577,member,electric_bike,7.966666666666667,41.956015,-87.68024666666666,41.965221,-87.658139
1754602,member,electric_bike,7.766666666666667,42.0,-87.69,41.99,-87.66
410961,member,electric_bike,5.4,41.88201766666667,-87.62508333333334,41.88634906269,-87.6175165471
4383169,member,classic_bike,3.8333333333333335,41.954177,-87.664358,41.954245,-87.654406
3366391,casual,electric_bike,5.383333333333334,41.94,-87.64,41.93,-87.64
4290323,member,electric_bike,16.166666666666668,41.89,-87.65,41.929546,-87.643118
3288825,casual,electric_bike,55.8,41.89,-87.61,41.89184737210993,-87.62058019638062
2698169,member,classic_bike,4.516666666666667,42.012701,-87.666058,42.00797192287,-87.6655023944
2549669,casual,classic_bike,8.783333333333333,41.929546,-87.643118,41.926277,-87.630834
4268589,member,classic_bike,37.38333333333333,41.87464,-87.65703,41.87184,-87.64664
3426863,casual,electric_bike,9.916666666666666,41.9259325,-87.63902,41.939743,-87.658865
2298507,casual,classic_bike,31.833333333333332,41.886976,-87.612813,41.9364968219,-87.6475386582
4296702,casual,electric_bike,7.383333333333334,41.975671166666665,-87.70143366666667,41.97561480459,-87.6794590387
3249648,casual,electric_bike,3.4,41.86609833333333,-87.6074465,41.866095,-87.607267
5051547,casual,classic_bike,52.21666666666667,41.8839840647265,-87.6246839761734,41.8839840647265,-87.6246839761734
1542947,member,electric_bike,8.1,41.97,-87.66,41.954177,-87.664358
4239415,member,classic_bike,5.183333333333334,41.896746973093805,-87.63566762208939,41.907993,-87.631501
1634049,casual,classic_bike,7.033333333333333,41.93132,-87.638742,41.918306,-87.636282
2744839,member,classic_bike,24.45,41.898969,-87.629912,41.87811890091227,-87.64394760131836
4928798,member,classic_bike,12.4,41.877245,-87.639366,41.903222,-87.634324
4735073,member,electric_bike,12.45,41.883058071,-87.657026649,41.858166,-87.656495
739430,member,electric_bike,32.416666666666664,41.87,-87.66,41.922695,-87.697153
1279449,member,classic_bike,12.283333333333333,41.799568,-87.594747,41.78509714636,-87.6010727606
3395877,member,classic_bike,11.183333333333334,41.932418,-87.652705,41.915689,-87.6346
1014427,member,electric_bike,2.933333333333333,41.79,-87.6,41.79,-87.6
1132999,casual,docked_bike,18.966666666666665,41.853085,-87.631931,41.884621,-87.627834
2263766,member,classic_bike,5.8,41.872773,-87.623981,41.8810317,-87.62408432
2048605,casual,classic_bike,40.7,42.058239,-87.677432,42.058239,-87.677432
5501263,member,classic_bike,18.683333333333334,41.918306,-87.636282,41.880958,-87.616743
1148859,member,classic_bike,20.2,41.877945,-87.662007,41.85308455741279,-87.63193130493164
3607710,member,electric_bike,9.633333333333333,41.89684183333333,-87.62857566666666,41.870769,-87.625734
298139,casual,classic_bike,4.933333333333334,41.857813,-87.62455,41.867227,-87.625961
4341594,casual,electric_bike,6.0,41.93212883333333,-87.65874,41.93314,-87.64776
5067269,casual,electric_bike,20.916666666666668,41.880986929,-87.616772771,41.925858,-87.638973
5335749,member,classic_bike,3.95,41.87295,-87.66913,41.872187,-87.661501
149356,member,electric_bike,6.283333333333333,41.874178,-87.6395885,41.8776415962753,-87.64961779117584
666292,member,classic_bike,11.766666666666667,41.894722,-87.634362,41.891072,-87.666611
5570450,casual,electric_bike,2.4166666666666665,41.949329734,-87.646481752,41.945529,-87.646439
3844935,casual,electric_bike,1.0666666666666667,41.93,-87.65,41.93,-87.65
4357396,member,electric_bike,8.233333333333333,41.94,-87.75,41.939408,-87.723574
2614967,casual,classic_bike,11.4,41.9362534831413,-87.65266209840775,41.918306,-87.636282
3328070,member,electric_bike,3.816666666666667,41.92,-87.71,41.922695,-87.697153
3927481,member,electric_bike,10.416666666666666,41.97332016666667,-87.6678715,41.943739,-87.66402
1598932,member,electric_bike,15.716666666666667,41.8861,-87.61451266666667,41.88634906269,-87.6175165471
3230426,casual,electric_bike,22.25,41.902999666666666,-87.69749433333334,41.88602082773,-87.6308760584
4188429,member,electric_bike,9.183333333333334,41.88345433333333,-87.64111566666666,41.89576474564,-87.6259080327
4095568,casual,electric_bike,4.516666666666667,41.936308861,-87.652643561,41.93258963429789,-87.66593635082245
1771064,casual,classic_bike,6.133333333333334,41.954245,-87.654406,41.965221,-87.658139
4883881,member,electric_bike,32.3,41.86,-87.62,41.891466,-87.626761
5057561,member,electric_bike,0.48333333333333334,41.87980433333333,-87.62558816666666,41.87947235235,-87.6256886059
5213217,casual,electric_bike,1.7833333333333334,41.94,-87.67,41.94,-87.67
5468672,casual,classic_bike,22.45,41.906724,-87.63483,41.940231918108594,-87.65294373035431
4956842,member,electric_bike,4.133333333333334,41.89073733333333,-87.6315445,41.898969,-87.629912
2948652,member,classic_bike,9.933333333333334,41.94815,-87.66394,41.928773,-87.663913
725914,casual,electric_bike,98.46666666666667,41.88,-87.62,41.88,-87.62
2414000,casual,classic_bike,87.36666666666666,41.8839840647265,-87.6246839761734,41.791478,-87.599861
978834,member,electric_bike,8.416666666666666,41.897774166666665,-87.64319516666667,41.895748,-87.620104
2598777,casual,classic_bike,10.083333333333334,41.898203,-87.637536,41.902924,-87.637715
4717607,member,classic_bike,2.4833333333333334,41.834734,-87.625813,41.83452988563,-87.6318229814
978097,casual,classic_bike,28.483333333333334,41.907066,-87.667252,41.90965687563,-87.7166319516
4604513,casual,electric_bike,68.55,41.867261,-87.61535116666667,41.86722595682,-87.6153553902
5142161,member,electric_bike,12.066666666666666,41.91,-87.63,41.896362458,-87.6540612729
3736031,member,classic_bike,37.1,41.95216219326,-87.698051113,41.932588,-87.636427
5097045,member,classic_bike,5.35,41.791478,-87.599861,41.78509714636,-87.6010727606
4598093,member,classic_bike,1.2833333333333334,41.9256018819,-87.6537080423,41.928712,-87.653833
4562741,casual,electric_bike,17.466666666666665,41.924902333333335,-87.71451633333334,41.93,-87.76
3405094,member,electric_bike,18.983333333333334,41.868648171,-87.68625021,41.929465,-87.684158
4722871,casual,docked_bike,28.816666666666666,41.880958,-87.616743,41.880958,-87.616743
2074144,casual,classic_bike,56.8,41.903222,-87.634324,41.903222,-87.634324
1318284,member,classic_bike,10.783333333333333,41.93132,-87.638742,41.93758231600629,-87.6440978050232
2953346,casual,classic_bike,6.016666666666667,41.865312,-87.617867,41.867888,-87.623041
1791459,member,classic_bike,5.966666666666667,41.822985,-87.6071,41.816499,-87.606582
643662,casual,classic_bike,8.616666666666667,41.96909,-87.674237,41.967968,-87.650001
5175128,casual,electric_bike,4.65,41.8,-87.7,41.81,-87.7
4999798,member,electric_bike,2.9833333333333334,41.8878815,-87.63733516666667,41.89380805624359,-87.64169722795485
4165314,member,electric_bike,20.616666666666667,41.89,-87.65,41.94,-87.65
4276774,member,electric_bike,19.666666666666668,41.88278233333333,-87.63717366666667,41.907781,-87.685854
2401135,casual,classic_bike,7.183333333333334,41.929143,-87.649077,41.921822,-87.64414
1495732,casual,classic_bike,15.383333333333333,41.915689,-87.6346,41.945529,-87.646439
257582,member,classic_bike,6.783333333333333,41.838464,-87.635406,41.838198,-87.645143
140378,member,classic_bike,10.266666666666667,41.892278,-87.612043,41.8810317,-87.62408432
438829,member,classic_bike,3.1333333333333333,41.874754,-87.649807,41.881892,-87.648789
2816664,member,electric_bike,9.083333333333334,41.95279716666667,-87.65010366666667,41.9716,-87.650154
4425666,member,classic_bike,19.733333333333334,41.9182955629354,-87.65218332409859,41.892278,-87.612043
4075184,member,classic_bike,6.983333333333333,41.89184737210993,-87.62058019638062,41.890762,-87.631697
2564543,member,electric_bike,3.95,41.906740166666665,-87.635119,41.9,-87.63
3172250,casual,electric_bike,19.216666666666665,41.92563333333333,-87.65854133333333,41.91,-87.63
3066131,casual,classic_bike,24.95,41.963982,-87.638181,41.925858,-87.638973
2888539,casual,electric_bike,7.616666666666666,41.9736275,-87.65990266666667,41.96909,-87.674237
1596779,casual,electric_bike,16.5,41.85743883333333,-87.61376633333333,41.88634906269,-87.6175165471
3081990,casual,classic_bike,15.683333333333334,41.939743,-87.658865,41.90985465216731,-87.66993016004562
1908941,member,classic_bike,9.483333333333333,41.894556,-87.653449,41.8776415962753,-87.64961779117584
4569425,member,electric_bike,43.03333333333333,41.948056817,-87.663994789,42.04,-87.68
5175175,member,classic_bike,8.616666666666667,41.91710803478932,-87.71022096276283,41.929567,-87.707857
2727408,member,classic_bike,18.883333333333333,41.91643342912655,-87.66674637794495,41.884114,-87.654264
1045609,member,electric_bike,11.083333333333334,41.90317316666667,-87.667949,41.9,-87.7
1528927,member,classic_bike,7.583333333333333,41.89434513742426,-87.62279838323593,41.8839840647265,-87.6246839761734
2321666,casual,classic_bike,4.25,41.91552,-87.687022,41.922695,-87.697153
1272739,member,electric_bike,8.583333333333334,41.91828683333333,-87.636216,41.935733,-87.663576
194507,member,electric_bike,3.783333333333333,41.888111333333335,-87.63707916666667,41.89,-87.65
3822303,member,electric_bike,7.75,41.93,-87.64,41.93,-87.67
4090471,casual,electric_bike,25.266666666666666,41.92674083333333,-87.63447816666667,41.958494,-87.654966
4132638,member,electric_bike,10.716666666666667,41.912609935,-87.68143785,41.93,-87.7
283491,member,classic_bike,6.25,41.886835,-87.62232,41.884576228,-87.63188991
5154273,member,electric_bike,3.5166666666666666,41.91,-87.63,41.915689,-87.6346
3733179,member,electric_bike,12.833333333333334,41.9101005,-87.68231816666666,41.915689,-87.6346
3528192,member,electric_bike,5.683333333333334,42.015984416,-87.668705106,42.00104377979,-87.6611982433
570596,member,classic_bike,3.966666666666667,41.894722,-87.634362,41.903222,-87.634324
2551999,member,electric_bike,9.433333333333334,41.836763,-87.61336316666667,41.838198,-87.645143
2291465,member,electric_bike,6.533333333333333,41.885807157,-87.63571775,41.890173,-87.626185
1650108,member,electric_bike,14.733333333333333,41.909440833333335,-87.6779995,41.939365,-87.668385
2823491,casual,electric_bike,8.983333333333333,41.926304,-87.63095933333334,41.919936,-87.64883
4490784,casual,electric_bike,28.683333333333334,41.925597833333335,-87.653698,41.915689,-87.6346
3515035,casual,classic_bike,13.083333333333334,41.936083,-87.669807,41.957921,-87.673567
1506841,member,classic_bike,7.266666666666667,41.949074,-87.648636,41.950687,-87.6687
3364451,casual,electric_bike,22.25,41.96,-87.64,41.95,-87.65
4783895,member,electric_bike,20.583333333333332,41.89,-87.63,41.928712,-87.653833
39662,member,classic_bike,11.316666666666666,41.791478,-87.599861,41.805772,-87.592464
5321892,member,classic_bike,6.316666666666666,41.918216,-87.656936,41.910522,-87.653106
998386,member,electric_bike,53.81666666666667,41.95422166666667,-87.66417466666667,41.93,-87.73
4769204,member,electric_bike,27.683333333333334,41.92,-87.69,41.870816,-87.631246
2845479,casual,electric_bike,8.416666666666666,41.918471833333335,-87.652097,41.90021949323,-87.6429854676
1725400,member,electric_bike,11.0,41.9584945,-87.65499016666666,41.93,-87.65
1092681,member,electric_bike,14.416666666666666,41.8900295,-87.62635416666667,41.885951,-87.677009
1082461,casual,docked_bike,128.65,41.890173,-87.626185,41.877708,-87.635321
243834,member,electric_bike,13.216666666666667,41.94,-87.72,41.94,-87.72
1829389,casual,classic_bike,11.466666666666667,41.89661720040753,-87.62857854366302,41.891578,-87.648384
1230665,casual,classic_bike,39.666666666666664,41.894666,-87.638437,41.932588,-87.636427
1386114,member,classic_bike,27.783333333333335,41.92533,-87.6658,41.897448,-87.628722
346981,member,electric_bike,3.2,41.87943816666667,-87.6401615,41.881319815,-87.6295209193
1884920,casual,classic_bike,41.03333333333333,41.89576474564,-87.6259080327,41.897448,-87.628722
1659435,member,electric_bike,10.883333333333333,41.85,-87.61,41.864059,-87.623727
4540439,member,electric_bike,14.35,41.889939,-87.63420966666666,41.88,-87.64
4728784,casual,classic_bike,9.716666666666667,41.92533,-87.6658,41.94815,-87.66394
1868617,member,classic_bike,2.1,41.952833,-87.649993,41.954245,-87.654406
5717793,member,classic_bike,3.566666666666667,41.891466,-87.626761,41.892592119709725,-87.61728912591934
2002448,member,electric_bike,17.166666666666668,41.91,-87.62,41.912616,-87.681391
2330290,member,electric_bike,4.75,42.0,-87.66,42.01,-87.66
3499,casual,classic_bike,25.616666666666667,41.872773,-87.623981,41.90096039,-87.62377664
3898321,casual,electric_bike,4.683333333333334,41.8705985,-87.6256745,41.876243,-87.624426
3220911,member,electric_bike,15.433333333333334,41.744632483,-87.551251888,41.74,-87.55
4961064,casual,electric_bike,13.716666666666667,41.929659367,-87.643153906,41.894722,-87.634362
4408351,casual,docked_bike,10.8,41.88338,-87.64117,41.888243,-87.63639
1368213,casual,classic_bike,8.016666666666667,41.94815,-87.66394,41.94018,-87.65304
1921670,member,classic_bike,7.766666666666667,41.967096,-87.667429,41.9716,-87.650154
3162903,casual,electric_bike,15.383333333333333,41.892622,-87.61718033333334,41.93,-87.64
3179396,casual,electric_bike,8.533333333333333,41.88582233333333,-87.63558833333333,41.89,-87.66
4658433,casual,electric_bike,1.7833333333333334,41.932493,-87.63642816666666,41.932588,-87.636427
5476448,member,electric_bike,11.8,41.877993941,-87.661973,41.89841768945,-87.6865960164
1376069,member,classic_bike,13.616666666666667,41.90096039,-87.62377664,41.882664,-87.63253
5280949,member,electric_bike,10.216666666666667,41.97488749,-87.692705274,41.98,-87.7
354626,member,classic_bike,31.016666666666666,41.952833,-87.649993,41.963982,-87.638181
979808,member,electric_bike,3.85,41.88201866666667,-87.6487255,41.87831661183069,-87.64098107814789
1456460,member,electric_bike,15.166666666666666,41.94,-87.69,41.95,-87.69
2798071,member,electric_bike,12.316666666666666,41.885862,-87.65107133333333,41.91552,-87.687022
5682187,member,electric_bike,7.116666666666666,41.906806231,-87.62615025,41.88,-87.62
2081895,casual,classic_bike,26.4,41.838464,-87.635406,41.8776415962753,-87.64961779117584
5226003,member,electric_bike,7.3,41.84,-87.64,41.83,-87.63
687830,member,electric_bike,17.333333333333332,41.888541,-87.63747983333333,41.900363,-87.696704
1180251,member,classic_bike,2.9,41.877245,-87.639366,41.874255,-87.639573
3042092,casual,classic_bike,26.016666666666666,41.925858,-87.638973,41.902973,-87.63128
864885,casual,electric_bike,26.416666666666668,41.918098666666666,-87.65715666666667,41.94454,-87.654678
4056333,member,electric_bike,3.05,41.90297283333334,-87.6347045,41.896746973093805,-87.63566762208939
3359040,casual,electric_bike,8.05,41.93,-87.66,41.93,-87.64
3495915,member,electric_bike,14.1,41.91232866666667,-87.67728583333333,41.89,-87.65
5266030,casual,electric_bike,5.483333333333333,41.922664881,-87.697123528,41.91,-87.7
1786210,member,classic_bike,8.666666666666666,41.911722,-87.626804,41.907626,-87.638566
437956,member,classic_bike,1499.85,41.949399,-87.654529,,
4196434,member,electric_bike,14.116666666666667,41.8771755,-87.6396965,41.904613,-87.640552
3848256,member,electric_bike,5.216666666666667,41.872179333333335,-87.66147083333334,41.87184,-87.64664
424020,member,electric_bike,5.3,41.94,-87.64,41.93758231600629,-87.6440978050232
2495422,member,electric_bike,19.15,41.94,-87.7,41.9093960065,-87.6776919292
1111602,casual,electric_bike,25.35,41.901066166666666,-87.62381866666666,41.940106,-87.645451
2640642,member,classic_bike,24.45,41.894666,-87.638437,41.935733,-87.663576
183511,member,electric_bike,8.55,41.89,-87.65,41.858401666666666,-87.6509055
802524,member,electric_bike,14.233333333333333,41.914716166666665,-87.64340183333333,41.884114,-87.654264
3385064,member,electric_bike,3.95,41.92,-87.68,41.915983,-87.677335
2020459,casual,electric_bike,36.46666666666667,41.8922555,-87.61214566666666,41.8765351944122,-87.62047290802002
4465165,casual,electric_bike,27.3,41.89,-87.65,41.872773,-87.623981
5493958,member,classic_bike,16.466666666666665,41.904613,-87.640552,41.894503,-87.617854
1116116,casual,electric_bike,17.2,41.88606733333334,-87.63101416666666,41.861267,-87.656625
3367773,member,electric_bike,40.233333333333334,42.02,-87.68,41.99,-87.66
3465634,casual,electric_bike,8.45,41.881024833333335,-87.616752,41.86722595682,-87.6153553902
4780034,member,electric_bike,17.0,41.85,-87.64,41.893992,-87.629318
1378035,casual,classic_bike,11.283333333333333,41.90345,-87.667747,41.907066,-87.667252
3516314,member,electric_bike,5.033333333333333,41.89,-87.64,41.890762,-87.631697
162120,member,classic_bike,5.25,41.897448,-87.628722,41.903222,-87.634324
5689101,member,electric_bike,2.3666666666666667,42.015952468,-87.668586612,42.01,-87.66
416413,member,electric_bike,8.066666666666666,41.894639492,-87.638177276,41.874053,-87.627716
1204060,casual,classic_bike,44.35,41.866095,-87.607267,41.866095,-87.607267
778836,member,classic_bike,8.433333333333334,41.857813,-87.62455,41.85308455741279,-87.63193130493164
4488265,member,classic_bike,19.65,41.88283,-87.661206,41.89184737210993,-87.62058019638062
2231502,member,electric_bike,23.466666666666665,41.88,-87.65,41.931248,-87.644336
97166,member,electric_bike,3.5166666666666666,41.83479883333333,-87.6177955,41.834734,-87.625813
2654484,casual,classic_bike,8.283333333333333,41.94018,-87.65304,41.928773,-87.663913
709121,casual,electric_bike,19.466666666666665,41.910523833333336,-87.68958933333333,41.89,-87.65
2618876,casual,electric_bike,10.616666666666667,41.904542166666666,-87.64060916666666,41.8985866514,-87.6219152258
5490704,member,classic_bike,10.483333333333333,41.9947796884,-87.6602845349,41.9840446107,-87.6602738295
1893210,casual,classic_bike,10.183333333333334,41.921525,-87.707322,41.92669,-87.697668
2402153,member,classic_bike,3.2666666666666666,41.9433502470174,-87.67066776752472,41.943785164970734,-87.67125114798546
4446430,member,electric_bike,31.6,41.91167833333333,-87.626748,41.925858,-87.638973
1988365,casual,electric_bike,43.166666666666664,41.9007485,-87.66257083333333,41.97,-87.76
5611307,member,electric_bike,3.533333333333333,41.973361492,-87.667866468,41.961588,-87.666036
892619,member,classic_bike,19.65,41.8776415962753,-87.64961779117584,41.84358,-87.645368
1686182,member,electric_bike,5.25,41.79,-87.6,41.78,-87.6
2725646,member,classic_bike,12.9,41.852619,-87.626488,41.83452988563,-87.6318229814
664427,member,classic_bike,7.6,41.864059,-87.623727,41.85418424947,-87.6191537415
2548815,casual,electric_bike,10.833333333333334,41.87790016666667,-87.662023,41.877945,-87.662007
4736298,casual,electric_bike,36.61666666666667,41.967096833333336,-87.66675183333334,41.961588,-87.666036
3827260,casual,electric_bike,30.766666666666666,42.01,-87.71,42.01,-87.71
3793351,casual,classic_bike,7.783333333333333,41.939743,-87.658865,41.949074,-87.648636
1174655,member,classic_bike,4.966666666666667,41.893992,-87.629318,41.89380805624359,-87.64169722795485
3465418,member,classic_bike,6.716666666666667,41.87811890091227,-87.64394760131836,41.87207763285,-87.6295437729
2707205,member,electric_bike,7.566666666666666,41.91,-87.68,41.922695,-87.697153
3491781,member,electric_bike,2.5833333333333335,41.83476683333333,-87.625873,41.8349,-87.61793
2865150,casual,electric_bike,16.433333333333334,41.9177495,-87.68249333333333,41.911386,-87.638677
2320648,member,electric_bike,8.133333333333333,41.973407388,-87.667789936,41.97,-87.69
2744969,member,classic_bike,2.216666666666667,41.879255,-87.639904,41.87811890091227,-87.64394760131836
438914,member,classic_bike,12.583333333333334,41.872773,-87.623981,41.881892,-87.648789
147285,member,classic_bike,2.6166666666666667,41.961588,-87.666036,41.957081,-87.664199
4767286,member,electric_bike,29.733333333333334,41.95,-87.69,41.90348607004,-87.6433534936
4404642,member,electric_bike,1.5166666666666666,42.064784884,-87.715308785,42.064854,-87.715297
296435,member,classic_bike,18.716666666666665,41.895769,-87.67722,41.874754,-87.649807
4506157,member,classic_bike,10.183333333333334,41.87943409140013,-87.63550400733948,41.893992,-87.629318
1569913,member,electric_bike,12.783333333333333,41.85818416666667,-87.65645416666666,41.881892,-87.648789
3099454,member,classic_bike,14.066666666666666,41.9366884494997,-87.63682901859283,41.911722,-87.626804
418687,member,classic_bike,4.016666666666667,41.791478,-87.599861,41.78509714636,-87.6010727606
2066790,member,electric_bike,4.25,41.93,-87.69,41.929465,-87.684158
4603781,member,classic_bike,10.15,41.884114,-87.654264,41.89380805624359,-87.64169722795485
907779,member,classic_bike,13.133333333333333,41.920771,-87.663712,41.902973,-87.63128
5397099,casual,classic_bike,5.25,41.9364968219,-87.6475386582,41.9364968219,-87.6475386582
2478582,member,electric_bike,26.866666666666667,41.95419233333333,-87.664292,41.886976,-87.612813
3296131,member,electric_bike,8.6,41.912024856,-87.63471067,41.921822,-87.64414
1997049,member,classic_bike,4.466666666666667,41.892592119709725,-87.61728912591934,41.891466,-87.626761
2702874,casual,electric_bike,9.25,41.95065833333334,-87.66866066666667,41.96152593287,-87.6911650414
2640149,casual,electric_bike,3.033333333333333,41.834639,-87.62590333333333,41.8349,-87.61793
1152472,casual,classic_bike,8.766666666666667,41.935733,-87.663576,41.954177,-87.664358
961477,member,electric_bike,19.183333333333334,41.8799065,-87.635133,41.918306,-87.636282
2517374,member,classic_bike,9.383333333333333,41.89184737210993,-87.62058019638062,41.884576228,-87.63188991
5228275,casual,electric_bike,6.383333333333334,41.8306715,-87.65616733333333,41.83,-87.67
2624659,member,electric_bike,10.05,41.94936583333333,-87.64633266666667,41.932225,-87.658617
5359368,member,electric_bike,11.316666666666666,41.877622333333335,-87.67393483333333,41.903119,-87.673935
758165,casual,electric_bike,46.45,41.92,-87.77,41.92,-87.77
1817028,member,electric_bike,4.8,41.8270885,-87.64567483333333,41.84,-87.65
3554031,member,classic_bike,6.2,41.9466358306,-87.694614758,41.94524356848,-87.7066499009
4574351,casual,electric_bike,4.433333333333334,41.79959783333334,-87.594722,41.8,-87.6
2262195,casual,electric_bike,39.8,41.926159,-87.6308935,41.926277,-87.630834
3924827,member,classic_bike,20.633333333333333,41.87464,-87.65703,41.872773,-87.623981
1026025,member,electric_bike,5.616666666666666,41.91,-87.72,41.92,-87.72
1528937,member,classic_bike,9.516666666666667,41.864059,-87.623727,41.8839840647265,-87.6246839761734
483507,member,classic_bike,5.033333333333333,41.954245,-87.654406,41.95469,-87.67393
1326598,member,classic_bike,6.35,41.791478,-87.599861,41.793242,-87.587782
4863371,member,electric_bike,9.383333333333333,41.881482,-87.67485516666666,41.888716036,-87.6444478533
4339458,member,classic_bike,7.733333333333333,41.795264,-87.596471,41.79949429373,-87.5864498959
3784691,member,classic_bike,12.033333333333333,41.87184,-87.64664,41.865234,-87.666507
3900963,member,electric_bike,5.65,41.88050733333333,-87.655717,41.8777079559,-87.6353211408
1866887,casual,docked_bike,45.833333333333336,41.911722,-87.626804,41.902309,-87.627691
1514975,casual,electric_bike,46.416666666666664,41.92628,-87.63105916666666,41.892278,-87.612043
2217054,casual,classic_bike,10.683333333333334,41.939743,-87.658865,41.929546,-87.643118
1113198,member,classic_bike,15.933333333333334,41.890573,-87.622072,41.891578,-87.648384
3879352,casual,classic_bike,21.466666666666665,41.89084704062381,-87.61861681938171,41.876268,-87.629155
193126,member,electric_bike,6.15,41.94,-87.75,41.93,-87.77
4884930,member,electric_bike,9.066666666666666,41.89484133333333,-87.63213066666667,41.906866,-87.626217
5411586,casual,classic_bike,6.183333333333334,41.92019556200566,-87.69265919923781,41.910535,-87.689556
4444944,member,electric_bike,8.95,41.90276583333333,-87.63465183333334,41.925858,-87.638973
1753501,member,electric_bike,15.066666666666666,41.8846105,-87.62753516666666,41.88,-87.69
5661121,member,electric_bike,2.8833333333333333,41.99,-87.67,42.0,-87.67
587602,casual,classic_bike,420.0,41.8777079559,-87.6353211408,41.881319815,-87.6295209193
292579,casual,classic_bike,8.783333333333333,41.864059,-87.623727,41.876268,-87.629155
5710337,member,classic_bike,5.533333333333333,41.940106,-87.645451,41.949074,-87.648636
1866125,casual,docked_bike,124.41666666666667,41.876243,-87.624426,41.876535,-87.620473
1565919,member,classic_bike,123.6,41.896746973093805,-87.63566762208939,41.897764,-87.642884
972818,member,classic_bike,7.283333333333333,41.79949429373,-87.5864498959,41.79430062054,-87.6014497734
3354617,casual,electric_bike,1.9333333333333333,41.96158716666667,-87.6911865,41.96152593287,-87.6911650414
4029539,member,classic_bike,5.233333333333333,41.884728,-87.619521,41.891466,-87.626761
2455346,casual,electric_bike,7.933333333333334,41.86949616666666,-87.65545066666667,41.870257,-87.639474
1908798,member,classic_bike,10.6,41.88592,-87.66717,41.881892,-87.648789
3183203,casual,electric_bike,23.283333333333335,41.91167016666667,-87.6267585,41.89,-87.61
2843684,member,classic_bike,12.7,41.932418,-87.652705,41.903222,-87.634324
2512805,casual,electric_bike,7.533333333333333,41.94883516666667,-87.675326,41.95,-87.69
3616726,member,classic_bike,7.766666666666667,41.805772,-87.592464,41.799568,-87.594747
535382,member,classic_bike,17.95,41.8985866514,-87.6219152258,41.90230870122,-87.627690528
5064106,member,classic_bike,4.6,41.8839840647265,-87.6246839761734,41.878166,-87.631929
56855,casual,electric_bike,3.65,41.8855135,-87.6358045,41.879255,-87.639904
5021339,casual,electric_bike,10.4,41.89774833333333,-87.64321233333334,41.885837,-87.6355
5266980,member,classic_bike,29.283333333333335,41.886024,-87.624117,41.895634,-87.672069
2004329,member,classic_bike,20.183333333333334,41.943739,-87.66402,41.93947775040509,-87.6637476682663
5723516,member,classic_bike,2.85,41.918216,-87.656936,41.919936,-87.64883
2175315,member,classic_bike,23.116666666666667,41.98404411519213,-87.65228122472763,41.9366884494997,-87.63682901859283
552700,member,electric_bike,29.216666666666665,41.92,-87.72,41.891466,-87.626761
556466,member,electric_bike,5.55,41.91,-87.69,41.90976930169,-87.7052804871
2695714,member,classic_bike,6.433333333333334,41.967096,-87.667429,41.954177,-87.664358
4728846,member,electric_bike,9.15,41.896330166666665,-87.654044,41.883165,-87.6511
4149974,member,electric_bike,12.9,41.9,-87.65,41.88,-87.63
917469,member,classic_bike,2.4166666666666665,41.889187,-87.627754,41.890762,-87.631697
1847809,member,classic_bike,7.166666666666667,41.90068,-87.6626,41.907655,-87.672552
1855580,member,classic_bike,11.433333333333334,41.93758231600629,-87.6440978050232,41.912133,-87.634656
720995,member,electric_bike,3.966666666666667,41.89,-87.72,41.9,-87.72
2976516,member,classic_bike,4.633333333333334,41.94367,-87.64895,41.94947274088333,-87.64645278453827
3977669,member,electric_bike,25.733333333333334,41.83,-87.64,41.9182955629354,-87.65218332409859
1000849,member,electric_bike,6.4,41.864093184,-87.623822808,41.86,-87.61
1604110,member,classic_bike,2.2666666666666666,41.788746,-87.601334,41.78509714636,-87.6010727606
4624663,casual,classic_bike,63.05,42.052939,-87.673447,42.050491,-87.677821
4642809,member,electric_bike,6.783333333333333,41.910499,-87.68960416666667,41.88949181977,-87.6882193648
1214254,member,classic_bike,15.183333333333334,41.788746,-87.601334,41.802406,-87.586924
4733636,casual,classic_bike,68.26666666666667,41.963982,-87.638181,41.89434513742426,-87.62279838323593
1477490,member,classic_bike,7.1,41.91801814237187,-87.65218198299408,41.9362534831413,-87.65266209840775
2685942,casual,classic_bike,13.0,41.913865,-87.648755,41.928712,-87.653833
1485180,member,classic_bike,1.4666666666666666,41.87811890091227,-87.64394760131836,41.880329633634624,-87.64274597167967
5657876,member,electric_bike,10.366666666666667,41.87965283333333,-87.63991833333333,41.87,-87.65
1368912,casual,classic_bike,14.833333333333334,41.932225,-87.658617,41.921822,-87.64414
5125237,member,classic_bike,9.933333333333334,41.94947274088333,-87.64645278453827,41.961588,-87.666036
2428578,casual,classic_bike,10.833333333333334,41.89637337,-87.66098386,41.89675,-87.63089
1577508,casual,electric_bike,7.033333333333333,41.93,-87.64,41.932418,-87.652705
1752043,member,electric_bike,4.283333333333333,41.78,-87.6,41.79,-87.6
3133944,member,electric_bike,2.7,41.87,-87.63,41.867227,-87.625961
949584,member,classic_bike,7.516666666666667,41.88917683258,-87.6385057718,41.880419,-87.655519
4475158,casual,docked_bike,92.11666666666666,41.867118,-87.641088,41.870769,-87.625734
318630,casual,electric_bike,11.633333333333333,41.88911633333333,-87.62787833333333,41.879255,-87.639904
3450975,member,electric_bike,19.2,41.926036,-87.63906583333333,41.88,-87.66
4296405,member,classic_bike,13.583333333333334,41.897448,-87.628722,41.8777079559,-87.6353211408
4514197,member,classic_bike,2.3333333333333335,41.885837,-87.6355,41.885837,-87.6355
5596952,member,classic_bike,15.2,41.891466,-87.626761,41.8777079559,-87.6353211408
5522146,member,classic_bike,8.066666666666666,41.886875,-87.62603,41.8985866514,-87.6219152258
3598868,member,electric_bike,5.183333333333334,41.8859775,-87.6243195,41.88169,-87.63953
776591,casual,classic_bike,20.366666666666667,41.903222,-87.634324,41.894722,-87.634362
897186,member,electric_bike,4.283333333333333,41.902781833333336,-87.6341785,41.894722,-87.634362
2898480,casual,electric_bike,4.483333333333333,41.8526245,-87.62662383333333,41.842052,-87.617
8984,member,classic_bike,7.4,41.921822,-87.64414,41.920771,-87.663712
4723451,member,classic_bike,2.9833333333333334,41.885837,-87.6355,41.882751965685614,-87.64119029045105
651857,member,classic_bike,22.633333333333333,41.894503,-87.617854,41.89084704062381,-87.61861681938171
147488,member,classic_bike,14.433333333333334,41.922167,-87.638888,41.889906,-87.634266
2973963,member,classic_bike,8.116666666666667,41.9366884494997,-87.63682901859283,41.94947274088333,-87.64645278453827
5574969,casual,classic_bike,12.966666666666667,41.925858,-87.638973,41.945529,-87.646439
2398261,casual,electric_bike,178.88333333333333,41.884564833333336,-87.61955383333333,41.897448,-87.628722
860549,member,electric_bike,3.05,41.78,-87.6,41.79,-87.6
4673198,casual,electric_bike,7.933333333333334,41.89227666666667,-87.61207533333334,41.877181,-87.627844
2627530,member,electric_bike,14.683333333333334,41.91189883333333,-87.634843,41.88577925240433,-87.65102460980414
3653266,member,classic_bike,9.216666666666667,41.88318130597391,-87.64872461557388,41.884241,-87.629634
4261515,casual,electric_bike,11.1,41.89448616666667,-87.6533395,41.88937546663168,-87.62707650661469
1197525,member,electric_bike,20.383333333333333,41.884615421,-87.619631648,41.871262,-87.673688
5691390,casual,electric_bike,8.333333333333334,41.918534994,-87.697450399,41.9,-87.7
3293404,member,electric_bike,10.3,41.894643664,-87.638365269,41.921822,-87.64414
4525723,member,electric_bike,3.066666666666667,41.93,-87.71,41.93190196886,-87.7011951301
4007193,member,electric_bike,11.316666666666666,41.92,-87.65,41.93947775040509,-87.6637476682663
3416270,member,electric_bike,13.216666666666667,41.92,-87.63,41.93758231600629,-87.6440978050232
4759376,member,electric_bike,4.533333333333333,41.88,-87.62,41.8839840647265,-87.6246839761734
244582,casual,electric_bike,48.9,41.94,-87.74,41.94,-87.74
3963082,casual,classic_bike,47.083333333333336,41.8810317,-87.62408432,41.886024,-87.624117
4223373,member,classic_bike,10.916666666666666,41.874255,-87.639573,41.876243,-87.624426
3990323,casual,classic_bike,5.183333333333334,41.929143,-87.649077,41.919936,-87.64883
4429695,member,classic_bike,31.166666666666668,41.9366884494997,-87.63682901859283,41.892278,-87.612043
3976712,casual,classic_bike,12.016666666666667,41.8793563587,-87.6297910363,41.867491,-87.63219
1949855,member,classic_bike,2.4833333333333334,41.890762,-87.631697,41.890173,-87.626185
3060889,member,classic_bike,5.6,41.896746973093805,-87.63566762208939,41.88917683258,-87.6385057718
2906808,member,classic_bike,7.366666666666666,41.89434513742426,-87.62279838323593,41.896746973093805,-87.63566762208939
1704992,member,electric_bike,50.88333333333333,41.87794066666667,-87.736024,41.88,-87.74
5199072,member,classic_bike,6.7,41.87184,-87.64664,41.862378,-87.651062
1949753,casual,classic_bike,9.4,41.93258963429789,-87.66593635082245,41.94367,-87.64895
4915683,member,classic_bike,11.283333333333333,41.92883,-87.668507,41.931248,-87.644336
4888544,member,electric_bike,4.816666666666666,41.8692665,-87.673673,41.872187,-87.661501
3549842,member,classic_bike,3.3,41.81665889302,-87.6194124619,41.82168,-87.6216
3489294,casual,classic_bike,9.45,41.88917683258,-87.6385057718,41.881892,-87.648789
3532667,casual,classic_bike,6.666666666666667,41.76571903697,-87.604959713,41.77372095205,-87.60563486
4985240,casual,electric_bike,7.116666666666666,41.906697666666666,-87.6350825,41.889906,-87.634266
5397484,casual,classic_bike,29.966666666666665,42.050491,-87.677821,42.050491,-87.677821
2365573,casual,electric_bike,27.066666666666666,41.875146666666666,-87.63316933333333,41.94,-87.64
4646804,member,electric_bike,6.816666666666666,41.894562602,-87.634409189,41.87831661183069,-87.64098107814789
3286126,casual,electric_bike,34.916666666666664,41.88683416666667,-87.6128315,41.89184737210993,-87.62058019638062
5540564,casual,classic_bike,11.75,41.872773,-87.623981,41.8839840647265,-87.6246839761734
4315919,member,electric_bike,14.733333333333333,41.885762666666665,-87.62406216666666,41.911722,-87.626804
5497393,member,electric_bike,5.45,41.89,-87.76,41.894958,-87.764902
1324759,casual,classic_bike,28.883333333333333,41.87943409140013,-87.63550400733948,41.857813,-87.62455
530501,casual,classic_bike,18.9,41.893992,-87.629318,41.899643,-87.6677
2814014,member,classic_bike,5.383333333333334,41.965221,-87.658139,41.9716,-87.650154
3942417,member,classic_bike,5.983333333333333,41.9256018819,-87.6537080423,41.929546,-87.643118
5391696,member,electric_bike,2.816666666666667,41.94904387,-87.648565531,41.94367,-87.64895
2037458,member,electric_bike,7.983333333333333,41.94,-87.69,41.939398,-87.711561
4282687,casual,classic_bike,6.466666666666667,41.78509714636,-87.6010727606,41.79430062054,-87.6014497734
1117495,member,classic_bike,2.6,41.904613,-87.640552,41.907626,-87.638566
3767963,casual,classic_bike,113.4,41.932418,-87.652705,41.886976,-87.612813
2220378,casual,classic_bike,100.58333333333333,41.9362534831413,-87.65266209840775,41.939743,-87.658865
5168271,member,classic_bike,3.9,41.78509714636,-87.6010727606,41.79430062054,-87.6014497734
2956116,casual,classic_bike,71.66666666666667,41.913688,-87.652855,41.867888,-87.623041
3318172,member,electric_bike,5.766666666666667,41.89089616666666,-87.63181416666667,41.88169,-87.63953
3022667,casual,electric_bike,5.766666666666667,41.88,-87.65,41.880419,-87.655519
2228360,member,classic_bike,38.8,41.865234,-87.666507,41.931248,-87.644336
2222869,casual,classic_bike,18.066666666666666,41.911386,-87.638677,41.939743,-87.658865
1351072,casual,electric_bike,21.066666666666666,41.89002933333333,-87.634706,41.89841768945,-87.6865960164
3371058,member,classic_bike,27.933333333333334,41.907655,-87.672552,41.867227,-87.625961
4023093,casual,electric_bike,5.433333333333334,41.931322,-87.63865816666667,41.918306,-87.636282
2274888,member,classic_bike,3.533333333333333,41.903222,-87.634324,41.896746973093805,-87.63566762208939
4724159,casual,classic_bike,24.766666666666666,41.892278,-87.612043,41.894556,-87.653449
3052406,casual,classic_bike,18.5,41.919936,-87.64883,41.949399,-87.654529
2018710,casual,classic_bike,35.68333333333333,41.94018,-87.65304,41.883165,-87.6511
773480,casual,electric_bike,7.116666666666666,41.864935,-87.64709216666667,41.872187,-87.661501
5567455,member,electric_bike,12.766666666666667,41.890235186,-87.626048803,41.879255,-87.639904
108423,casual,classic_bike,14.033333333333333,41.906866,-87.626217,41.89084704062381,-87.61861681938171
889944,member,classic_bike,22.816666666666666,41.93314,-87.64776,41.967968,-87.650001
2436019,casual,electric_bike,23.833333333333332,41.873952866,-87.627758265,41.911722,-87.626804
357390,casual,electric_bike,9.05,42.01,-87.71,42.0,-87.7
78036,casual,electric_bike,16.883333333333333,41.94,-87.68,41.92,-87.7
923366,member,electric_bike,9.3,41.95,-87.66,41.9256018819,-87.6537080423
5279444,member,electric_bike,5.483333333333333,41.791471243,-87.599977374,41.79,-87.59
3685985,member,classic_bike,12.65,41.9433502470174,-87.67066776752472,41.967094,-87.679028
1475863,member,electric_bike,23.233333333333334,41.89,-87.63,41.9362534831413,-87.65266209840775
1797662,casual,electric_bike,3.533333333333333,41.924187333333336,-87.646409,41.929546,-87.643118
5099441,member,classic_bike,12.233333333333333,41.9366884494997,-87.63682901859283,41.907993,-87.631501
1792424,casual,classic_bike,91.78333333333333,41.92154,-87.653818,41.911722,-87.626804
3900876,casual,electric_bike,30.95,41.8779125,-87.63543416666667,41.8777079559,-87.6353211408
555881,member,classic_bike,51.333333333333336,41.906866,-87.626217,41.911722,-87.626804
2301737,member,electric_bike,9.3,41.886942833333336,-87.62609283333333,41.879255,-87.639904
2132188,member,electric_bike,3.8666666666666667,41.8946795,-87.63438733333334,41.902973,-87.63128
1343290,member,classic_bike,10.35,41.884728,-87.619521,41.8777079559,-87.6353211408
1957316,casual,classic_bike,72.7,41.915689,-87.6346,41.915689,-87.6346
2798012,casual,classic_bike,40.93333333333333,41.799568,-87.594747,41.838556,-87.608218
3121972,member,classic_bike,4.733333333333333,41.96909,-87.674237,41.97334764047304,-87.6678554713726
1906592,casual,classic_bike,6.083333333333333,41.94815,-87.66394,41.935733,-87.663576
775534,member,classic_bike,8.133333333333333,41.78509714636,-87.6010727606,41.795264,-87.596471
5124527,member,electric_bike,9.766666666666667,41.88999983333333,-87.636881,41.89661720040753,-87.62857854366302
4377023,casual,classic_bike,1.1666666666666667,41.954245,-87.654406,41.954245,-87.654406
5478385,casual,classic_bike,11.75,41.88602082773,-87.6308760584,41.88549170626906,-87.65228927135468
77141,member,classic_bike,8.633333333333333,41.902973,-87.63128,41.885837,-87.6355
4819655,member,electric_bike,3.433333333333333,41.93,-87.71,41.929567,-87.707857
730636,member,electric_bike,6.983333333333333,41.903456807,-87.668076992,41.903029,-87.697474
1269114,member,electric_bike,8.716666666666667,41.885903,-87.63043616666667,41.87207763285,-87.6295437729
50636,member,classic_bike,2.933333333333333,41.871514,-87.669886,41.87501,-87.67328
2820075,member,electric_bike,17.166666666666668,41.91855816666666,-87.6974515,41.924161029067626,-87.64638036489487
3115735,member,electric_bike,14.283333333333333,41.894498229,-87.617876172,41.929546,-87.643118
2496033,casual,classic_bike,11.75,41.957921,-87.673567,41.96167,-87.65464
2332139,member,electric_bike,2.6166666666666667,41.97,-87.65,41.97,-87.66
789031,member,classic_bike,8.266666666666667,41.88314336439022,-87.63724207878113,41.884728,-87.619521
74906,member,classic_bike,3.5833333333333335,41.8985866514,-87.6219152258,41.897448,-87.628722
2149918,casual,classic_bike,9.75,41.929546,-87.643118,41.911386,-87.638677
4379908,casual,docked_bike,22.183333333333334,41.923931,-87.635825,41.937582,-87.644098
5432205,member,classic_bike,11.933333333333334,41.909668,-87.648128,41.906866,-87.626217
703202,member,electric_bike,26.533333333333335,41.939414859,-87.723549247,41.9,-87.69
405327,casual,electric_bike,6.1,41.878334522,-87.641485929,41.889906,-87.634266
4169508,member,electric_bike,2.6333333333333333,41.93,-87.64,41.93,-87.63
189663,member,classic_bike,16.75,41.88917683258,-87.6385057718,41.91468,-87.64332
4163977,casual,electric_bike,9.466666666666667,41.94,-87.65,41.96,-87.65
1561128,casual,docked_bike,8.9,41.788746,-87.601334,41.788746,-87.601334
2238718,casual,classic_bike,29.266666666666666,41.95078,-87.659172,41.915689,-87.6346
4694257,casual,electric_bike,41.833333333333336,41.86718833333333,-87.61541483333333,41.89102331025185,-87.63547986745834
2955429,casual,classic_bike,20.483333333333334,41.89434513742426,-87.62279838323593,41.877181,-87.627844
3426624,member,electric_bike,5.433333333333334,41.879431844,-87.625881553,41.88169,-87.63953
2842304,member,electric_bike,5.166666666666667,41.8900545,-87.63460733333334,41.8759326655,-87.6305845355
1833930,member,classic_bike,23.916666666666668,41.90096039,-87.62377664,41.932418,-87.652705
227894,casual,electric_bike,12.4,41.93,-87.68,41.92,-87.69
3834791,casual,electric_bike,7.066666666666666,41.94812783333333,-87.66397666666667,41.95,-87.65
3219812,member,electric_bike,10.5,41.936201572,-87.652549982,41.92,-87.63
250099,member,classic_bike,11.383333333333333,41.886024,-87.624117,41.907993,-87.631501
572887,member,classic_bike,3.85,41.9105780349,-87.6494219288,41.907221,-87.655618
4302517,member,classic_bike,11.216666666666667,41.93314,-87.64776,41.94947274088333,-87.64645278453827
2503360,member,classic_bike,7.983333333333333,41.88937546663168,-87.62707650661469,41.89766,-87.62351
407893,member,classic_bike,3.4166666666666665,41.899181,-87.6722,41.90345,-87.667747
3712141,member,electric_bike,9.65,41.91200666666667,-87.6349415,41.894722,-87.634362
2624632,member,classic_bike,2.683333333333333,41.973815,-87.65966,41.978353,-87.659753
493444,member,classic_bike,19.483333333333334,41.924161029067626,-87.64638036489487,41.894503,-87.617854
3620918,member,classic_bike,5.316666666666666,41.79430062054,-87.6014497734,41.799568,-87.594747
4767635,casual,electric_bike,11.416666666666666,41.89,-87.62,41.867227,-87.625961
3357927,casual,electric_bike,14.25,41.96,-87.65,41.93,-87.64
5212457,casual,electric_bike,9.366666666666667,41.92,-87.64,41.93,-87.66
3360890,casual,electric_bike,5.033333333333333,41.95,-87.67,41.94,-87.65
1464220,casual,classic_bike,14.6,41.918306,-87.636282,41.93947775040509,-87.6637476682663
3207780,casual,electric_bike,14.883333333333333,42.05,-87.68,42.07,-87.7
580401,member,classic_bike,6.933333333333334,41.882091,-87.639833,41.878166,-87.631929
587451,casual,classic_bike,60.11666666666667,41.886976,-87.612813,41.98404411519213,-87.65228122472763
2528507,casual,docked_bike,14.65,41.912616,-87.681391,41.898418,-87.686596
1605801,member,classic_bike,16.783333333333335,41.881319815,-87.6295209193,41.90230870122,-87.627690528
4380446,member,classic_bike,2.1666666666666665,41.952833,-87.649993,41.954245,-87.654406
5689292,casual,electric_bike,9.933333333333334,41.943424666666665,-87.67970883333334,41.94,-87.65
2640933,casual,electric_bike,6.983333333333333,41.88413033333333,-87.65429933333333,41.90068,-87.6626
1468297,casual,classic_bike,109.75,41.939743,-87.658865,41.925858,-87.638973
2736588,member,classic_bike,10.883333333333333,41.95078,-87.659172,41.968812,-87.657659
1246361,member,classic_bike,1.05,41.890028,-87.636618,41.889906,-87.634266
1251634,casual,classic_bike,29.966666666666665,41.906724,-87.63483,41.945529,-87.646439
2296715,member,classic_bike,27.233333333333334,41.880329633634624,-87.64274597167967,41.918306,-87.636282
867317,casual,docked_bike,14.116666666666667,41.912616,-87.681391,41.921525,-87.707322
712677,member,electric_bike,4.866666666666666,41.93,-87.68,41.92,-87.67
4269161,casual,electric_bike,7.233333333333333,41.97840166666667,-87.65978066666666,41.983593,-87.669154
992527,member,electric_bike,49.43333333333333,41.88451216666667,-87.6194195,41.881319815,-87.6295209193
3635701,casual,classic_bike,19.566666666666666,41.890173,-87.626185,41.87943409140013,-87.63550400733948
4711928,member,classic_bike,27.216666666666665,41.78794281287,-87.5883151702,41.78794281287,-87.5883151702
2703257,casual,electric_bike,10.166666666666666,41.92547283333333,-87.653727,41.91,-87.63
799085,member,electric_bike,7.4,41.932584166666665,-87.636438,41.921822,-87.64414
4669991,member,electric_bike,7.466666666666667,41.87056016666666,-87.6262435,41.879255,-87.639904
4413133,casual,classic_bike,10.666666666666666,41.879255,-87.639904,41.881319815,-87.6295209193
4362549,casual,classic_bike,11.35,41.90096039,-87.62377664,41.926277,-87.630834
3740074,casual,electric_bike,1.8666666666666667,41.87584183333333,-87.640782,41.875885,-87.640795
1105652,member,classic_bike,8.816666666666666,41.858086,-87.651073,41.856594,-87.627542
3074676,casual,classic_bike,8.9,41.94454,-87.654678,41.94815,-87.66394
5418440,casual,classic_bike,8.616666666666667,41.91021,-87.6435,41.896362458,-87.6540612729
4318662,member,electric_bike,8.65,41.891113877,-87.631722331,41.909668,-87.648128
3206281,casual,electric_bike,33.93333333333333,41.881122112,-87.624117851,41.88,-87.62
770277,member,electric_bike,10.783333333333333,41.8,-87.6,41.8,-87.58
3431537,casual,classic_bike,4.633333333333334,41.881319815,-87.6295209193,41.88169,-87.63953
5234302,member,electric_bike,233.36666666666667,41.89,-87.64,41.89,-87.63
440588,member,classic_bike,4.083333333333333,41.882242,-87.641066,41.888243,-87.63639
1718938,casual,electric_bike,9.116666666666667,41.96886516666667,-87.657652,41.97,-87.67
3660425,casual,electric_bike,84.63333333333334,41.911719561,-87.626773834,41.911974,-87.631942
4699098,casual,electric_bike,3.2,41.94,-87.65,41.935733,-87.663576
1999742,casual,classic_bike,30.933333333333334,41.8765351944122,-87.62047290802002,41.89766,-87.62351
5610002,casual,classic_bike,71.33333333333333,41.866095,-87.607267,41.90096039,-87.62377664
2516057,casual,classic_bike,14.3,41.961004,-87.649603,41.94018,-87.65304
5338748,member,classic_bike,24.433333333333334,41.907655,-87.672552,41.911974,-87.631942
542874,member,classic_bike,25.55,41.88592,-87.66717,41.89184737210993,-87.62058019638062
307543,member,classic_bike,6.7,41.949074,-87.648636,41.9364968219,-87.6475386582
4845131,casual,electric_bike,10.316666666666666,41.94,-87.67,41.929143,-87.649077
3464689,casual,electric_bike,19.583333333333332,41.94,-87.64,41.9716,-87.650154
923581,member,electric_bike,8.183333333333334,41.94919766666667,-87.65423316666667,41.9256018819,-87.6537080423
3825682,member,electric_bike,28.7,41.89,-87.62,41.96,-87.64
5625650,member,classic_bike,10.2,41.870769,-87.625734,41.884576228,-87.63188991
1428166,member,classic_bike,13.516666666666667,41.899181,-87.6722,41.88169,-87.63953
2899789,member,electric_bike,5.9,41.876101166666665,-87.62456216666666,41.874255,-87.639573
373365,member,classic_bike,6.866666666666666,41.88314336439022,-87.63724207878113,41.89380805624359,-87.64169722795485
2382797,casual,electric_bike,5.966666666666667,41.89038533333333,-87.62203316666667,41.88,-87.63
264953,member,classic_bike,8.216666666666667,41.791478,-87.599861,41.799568,-87.594747
570541,member,classic_bike,14.366666666666667,41.910522,-87.653106,41.888243,-87.63639
2521260,casual,classic_bike,16.6,41.912133,-87.634656,41.910522,-87.653106
3538028,member,classic_bike,4.966666666666667,41.836208,-87.613533,41.838842,-87.621857
3526571,member,electric_bike,34.46666666666667,41.97,-87.65,41.89,-87.65
2391545,member,classic_bike,34.15,41.79430062054,-87.6014497734,41.838198,-87.645143
4543420,member,electric_bike,25.916666666666668,41.91,-87.68,41.91,-87.66
3960449,casual,electric_bike,5.416666666666667,41.8856287,-87.641868114,41.886616486027656,-87.6580399274826
1577918,member,classic_bike,7.366666666666666,41.907221,-87.655618,41.90345,-87.667747
439756,casual,classic_bike,26.433333333333334,41.903222,-87.634324,41.903222,-87.634324
3872436,casual,electric_bike,20.95,41.965816617,-87.645528913,41.93,-87.64
2996108,member,classic_bike,48.016666666666666,41.788746,-87.601334,41.864059,-87.623727
1981093,casual,electric_bike,7.983333333333333,41.86797633333333,-87.62305866666667,41.87,-87.62
3437157,member,electric_bike,10.0,41.9397155,-87.6588825,41.92,-87.64
170179,casual,classic_bike,12.683333333333334,41.958494,-87.654966,41.940775,-87.639192
2461519,member,classic_bike,5.766666666666667,41.897764,-87.642884,41.89576474564,-87.6259080327
2219387,member,classic_bike,16.016666666666666,41.91801814237187,-87.65218198299408,41.939743,-87.658865
434853,member,classic_bike,0.13333333333333333,41.882242,-87.641066,41.882242,-87.641066
2232297,member,classic_bike,5.416666666666667,41.85750568031716,-87.64599144458771,41.858166,-87.656495
568838,member,electric_bike,6.5,41.9737465,-87.65963066666667,41.9947796884,-87.6602845349
5260455,member,electric_bike,2.6,41.78507936,-87.601199627,41.79,-87.6
321133,member,classic_bike,4.766666666666667,41.89434513742426,-87.62279838323593,41.894877,-87.632326
5592872,member,electric_bike,12.933333333333334,41.949053,-87.6485575,41.92533,-87.6658
1076826,member,electric_bike,13.966666666666667,41.896021833333336,-87.66774133333334,41.87934437346,-87.6319852213
2435855,casual,classic_bike,0.2,41.911722,-87.626804,41.911722,-87.626804
3201259,member,electric_bike,36.85,41.98,-87.66,41.88,-87.62
5030244,casual,docked_bike,22.7,41.926756,-87.634429,41.892278,-87.612043
3373044,member,classic_bike,11.233333333333333,41.98404411519213,-87.65228122472763,41.97803062248656,-87.66856491565704
1460654,member,electric_bike,6.566666666666666,41.902999666666666,-87.697464,41.90976930169,-87.7052804871
577415,member,electric_bike,13.116666666666667,41.88379366666667,-87.62399633333334,41.882091,-87.639833
5607521,member,electric_bike,15.1,41.88057116666667,-87.63722933333334,41.921822,-87.64414
716019,member,electric_bike,5.1,41.97,-87.7,41.97,-87.71
2246806,casual,electric_bike,6.316666666666666,41.88186283333334,-87.62520333333333,41.882242,-87.641066
3766775,casual,electric_bike,14.833333333333334,41.881071329,-87.61678648,41.886976,-87.612813
5244358,member,electric_bike,9.516666666666667,41.9306455,-87.72382683333333,41.92,-87.69
4599408,member,classic_bike,42.78333333333333,41.969517,-87.654691,41.86722595682,-87.6153553902
4129581,member,electric_bike,16.216666666666665,41.92555433333333,-87.65856883333333,41.92,-87.71
1265384,member,classic_bike,9.35,41.89380805624359,-87.64169722795485,41.883073,-87.656952
3030238,member,classic_bike,10.55,41.898203,-87.637536,41.910522,-87.653106
4413372,member,classic_bike,6.85,41.88338,-87.64117,41.881319815,-87.6295209193
2561475,member,classic_bike,7.116666666666666,41.793242,-87.587782,41.78509714636,-87.6010727606
5078502,casual,electric_bike,12.366666666666667,41.89,-87.61,41.85741178707404,-87.61379152536392
777041,member,electric_bike,28.233333333333334,41.899048666666665,-87.62983883333334,41.898969,-87.629912
1532717,casual,classic_bike,41.95,41.872773,-87.623981,41.8765351944122,-87.62047290802002
2562081,member,electric_bike,2.15,41.7373415,-87.54846033333334,41.73733560041666,-87.54851460456847
3744120,member,classic_bike,8.4,41.90096039,-87.62377664,41.912133,-87.634656
1553093,casual,classic_bike,8.35,41.907655,-87.672552,41.91643342912655,-87.66674637794495
5016072,casual,classic_bike,20.166666666666668,41.896746973093805,-87.63566762208939,41.903222,-87.634324
1022424,casual,electric_bike,6.916666666666667,41.97,-87.69,41.97,-87.71
2751132,member,electric_bike,13.916666666666666,41.86119433333333,-87.65652516666667,41.85308455741279,-87.63193130493164
2492922,member,classic_bike,21.216666666666665,41.903222,-87.634324,41.87772613,-87.65478743
2474835,member,electric_bike,4.016666666666667,41.92082633333333,-87.66379083333334,41.91643342912655,-87.66674637794495
411397,casual,classic_bike,4.0,41.898969,-87.629912,41.890762,-87.631697
3664447,member,electric_bike,7.85,41.892227166666665,-87.61204316666667,41.886835,-87.62232
794166,member,electric_bike,8.116666666666667,41.86868783333333,-87.68623866666667,41.8694821,-87.6554864
5597184,member,electric_bike,5.383333333333334,41.885574818,-87.641966581,41.87934437346,-87.6319852213
731473,member,electric_bike,1.9666666666666666,41.79,-87.6,41.79,-87.6
613747,member,classic_bike,3.0833333333333335,41.95786652415174,-87.64950513839722,41.954245,-87.654406
1715220,casual,classic_bike,5.5,41.903266,-87.678435,41.903029,-87.697474
2166632,casual,docked_bike,107.91666666666667,41.886835,-87.62232,41.886835,-87.62232
1524615,member,classic_bike,32.31666666666667,41.911386,-87.638677,41.98404411519213,-87.65228122472763
4090138,member,electric_bike,26.666666666666668,41.94,-87.7,41.9716,-87.650154
5418309,member,electric_bike,11.416666666666666,41.95,-87.64,41.96909,-87.674237
2834827,casual,classic_bike,7.783333333333333,41.883601657275165,-87.64862671494483,41.87772613,-87.65478743
3870966,member,classic_bike,8.75,41.896362458,-87.6540612729,41.89675,-87.63089
2600898,member,classic_bike,4.95,41.88462107257936,-87.62783423066139,41.88602082773,-87.6308760584
3700515,casual,electric_bike,11.25,41.92540416666667,-87.6658195,41.94815,-87.66394
1086140,member,electric_bike,6.6,41.910518333333336,-87.649411,41.90345,-87.667747
4933309,member,classic_bike,14.3,41.911974,-87.631942,41.90985465216731,-87.66993016004562
3627522,member,electric_bike,5.5,41.86709833333333,-87.62595266666666,41.857611,-87.619407
5302905,member,classic_bike,9.566666666666666,41.90348607004,-87.6433534936,41.88917683258,-87.6385057718
1251365,casual,classic_bike,13.066666666666666,41.925858,-87.638973,41.945529,-87.646439
636342,member,classic_bike,7.516666666666667,41.87184,-87.64664,41.87184,-87.64664
2110156,casual,classic_bike,3.95,41.929546,-87.643118,41.93758231600629,-87.6440978050232
2762962,member,classic_bike,7.666666666666667,41.890028,-87.636618,41.886875,-87.62603
1169557,member,electric_bike,10.666666666666666,41.94925716666667,-87.65447066666667,41.95,-87.68
3068473,casual,classic_bike,14.5,41.906724,-87.63483,41.891466,-87.626761
1042569,member,electric_bike,4.033333333333333,41.88585616666667,-87.65110916666667,41.88,-87.64
4820979,member,electric_bike,4.833333333333333,41.919961666666666,-87.648809,41.91643342912655,-87.66674637794495
2139891,member,classic_bike,5.016666666666667,41.929546,-87.643118,41.922167,-87.638888
820479,member,classic_bike,7.116666666666666,41.894666,-87.638437,41.890762,-87.631697
1077981,member,electric_bike,3.466666666666667,41.878181338,-87.631702781,41.882091,-87.639833
5042520,member,classic_bike,8.533333333333333,41.881892,-87.648789,41.879255,-87.639904
3113433,member,electric_bike,13.8,41.888830166666665,-87.627042,41.90345,-87.667747
1454707,member,classic_bike,9.8,41.928712,-87.653833,41.943739,-87.66402
1394799,member,electric_bike,5.083333333333333,41.8,-87.59,41.791478,-87.599861
208367,casual,electric_bike,18.466666666666665,41.870840666666666,-87.62582016666667,41.87,-87.63
3733387,member,classic_bike,24.783333333333335,41.9105780349,-87.6494219288,41.961507,-87.671387
1353030,casual,electric_bike,11.483333333333333,41.85757766666666,-87.64602066666667,41.88,-87.65
2975810,member,classic_bike,31.333333333333332,41.89084704062381,-87.61861681938171,41.94947274088333,-87.64645278453827
181982,member,electric_bike,9.65,41.89459966666666,-87.65346666666667,41.885752333333336,-87.62510716666667
2593517,member,electric_bike,3.5833333333333335,41.88811833333333,-87.63736133333333,41.88338,-87.64117
993530,casual,electric_bike,18.083333333333332,41.89681016666667,-87.6357955,41.8839840647265,-87.6246839761734
1039073,member,electric_bike,3.7,41.79,-87.59,41.78,-87.6
5271477,casual,electric_bike,16.883333333333333,41.925849,-87.63902383333334,41.9,-87.63
2915483,casual,electric_bike,100.6,41.98,-87.65,41.98404411519213,-87.65228122472763
2041224,casual,electric_bike,20.966666666666665,41.86,-87.66,41.85308455741279,-87.63193130493164
1805438,casual,classic_bike,7.983333333333333,41.880958,-87.616743,41.892278,-87.612043
4953543,member,electric_bike,2.7666666666666666,41.8960415,-87.62576766666666,41.894722,-87.634362
1153441,member,electric_bike,11.05,41.91063866666666,-87.64944616666666,41.939354,-87.683282
5527838,casual,classic_bike,36.166666666666664,41.911722,-87.626804,41.92883,-87.668507
889319,member,classic_bike,21.683333333333334,41.919936,-87.64883,41.949399,-87.654529
2330084,casual,electric_bike,51.06666666666667,41.92,-87.65,41.92,-87.65
5141207,member,classic_bike,2.3,41.89380805624359,-87.64169722795485,41.894666,-87.638437
5073313,casual,docked_bike,52.5,41.922167,-87.638888,41.926277,-87.630834
1861176,casual,classic_bike,4.95,41.92883,-87.668507,41.928887,-87.658971
2309040,casual,electric_bike,9.683333333333334,41.92,-87.65,41.9,-87.64
1205335,casual,electric_bike,10.75,41.89745833333333,-87.62893266666667,41.918306,-87.636282
1980137,casual,electric_bike,13.666666666666666,41.93253966666666,-87.636393,41.95,-87.66
3673222,casual,classic_bike,15.75,41.865312,-87.617867,41.880958,-87.616743
1593556,member,classic_bike,6.916666666666667,41.93758231600629,-87.6440978050232,41.94454,-87.654678
1359152,casual,electric_bike,12.416666666666666,41.92590333333333,-87.63906883333334,41.91,-87.65
3298541,member,electric_bike,1.2333333333333334,41.83826216666667,-87.64525383333333,41.838198,-87.645143
3542553,member,classic_bike,6.15,41.94367,-87.64895,41.954245,-87.654406
3208836,casual,electric_bike,13.633333333333333,41.91,-87.62,41.94,-87.65
4721014,casual,classic_bike,1.8666666666666667,41.795212,-87.580715,41.795212,-87.580715
1587641,casual,classic_bike,9.933333333333334,41.94018,-87.65304,41.919936,-87.64883
2637823,casual,classic_bike,1.8166666666666667,41.872773,-87.623981,41.86962074748123,-87.6239812374115
4027767,casual,docked_bike,26.466666666666665,41.892278,-87.612043,41.891466,-87.626761
459669,member,electric_bike,3.85,42.05,-87.68,42.05,-87.68
673992,member,electric_bike,8.216666666666667,41.888541818,-87.644408703,41.891466,-87.626761
194847,member,electric_bike,7.233333333333333,41.877592,-87.63481383333334,41.88,-87.65
2934493,member,classic_bike,20.816666666666666,41.92669,-87.697668,41.950687,-87.6687
5628237,casual,electric_bike,13.116666666666667,41.89233683333333,-87.61219166666666,41.8759326655,-87.6305845355
1932699,casual,classic_bike,1.0333333333333334,41.904613,-87.640552,41.904613,-87.640552
4710665,member,classic_bike,5.316666666666666,41.894722,-87.634362,41.898969,-87.629912
4381511,casual,classic_bike,12.3,41.880958,-87.616743,41.90096039,-87.62377664
3104631,casual,classic_bike,13.066666666666666,41.911386,-87.638677,41.89380805624359,-87.64169722795485
127677,member,classic_bike,8.083333333333334,42.00797192287,-87.6655023944,41.99925182186,-87.6713773393
2107301,casual,electric_bike,13.466666666666667,41.9615865,-87.65465166666667,41.93258963429789,-87.66593635082245
1454518,casual,electric_bike,5.4,41.96835033333333,-87.71189216666667,41.97,-87.7
4168068,member,electric_bike,8.433333333333334,41.93,-87.66,41.93,-87.66
1601359,member,electric_bike,8.666666666666666,41.8840935,-87.654305,41.89637337,-87.66098386
3568417,casual,docked_bike,22.766666666666666,41.892278,-87.612043,41.883984,-87.624684
1681576,member,electric_bike,8.083333333333334,42.06,-87.67,42.05,-87.68
3142165,member,electric_bike,11.333333333333334,41.90940483333333,-87.67766,41.929143,-87.649077
2438140,casual,classic_bike,29.216666666666665,41.898969,-87.629912,41.911722,-87.626804
4922318,member,classic_bike,33.3,41.93577461766458,-87.66360014677048,41.899643,-87.6677
3954266,member,classic_bike,10.25,41.903119,-87.673935,41.89637337,-87.66098386
1381759,casual,classic_bike,10.983333333333333,41.886875,-87.62603,41.885837,-87.6355
1373147,member,classic_bike,41.18333333333333,41.939365,-87.668385,41.953393,-87.732002
3864641,member,classic_bike,21.25,41.918306,-87.636282,41.931248,-87.644336
4686811,casual,classic_bike,69.21666666666667,41.903222,-87.634324,41.912133,-87.634656
3935576,member,electric_bike,3.8333333333333335,41.881466866,-87.674920201,41.89239445296271,-87.67688512802124
3264501,member,classic_bike,8.516666666666667,41.940106,-87.645451,41.95078,-87.659172
873527,member,classic_bike,11.2,41.903222,-87.634324,41.884241,-87.629634
19360,member,classic_bike,8.066666666666666,41.932225,-87.658617,41.94815,-87.66394
3046645,member,classic_bike,11.466666666666667,41.92393131136619,-87.63582453131676,41.913688,-87.652855
3041794,member,electric_bike,18.35,41.903392333333336,-87.66802316666667,41.902973,-87.63128
2170569,casual,classic_bike,14.05,41.888243,-87.63639,41.892592119709725,-87.61728912591934
188106,member,electric_bike,8.133333333333333,41.85,-87.64,41.870257,-87.639474
5495370,member,classic_bike,18.766666666666666,41.85308455741279,-87.63193130493164,41.87273154226308,-87.63351649045944
5686444,casual,electric_bike,1.9,41.911811948,-87.634688854,41.91,-87.63
1195775,member,classic_bike,21.816666666666666,41.880958,-87.616743,41.882242,-87.641066
3563519,casual,electric_bike,7.016666666666667,41.96520533333333,-87.65833966666666,41.973815,-87.65966
3599453,casual,electric_bike,20.433333333333334,41.89,-87.63,41.872773,-87.623981
3338622,member,electric_bike,4.483333333333333,41.91,-87.66,41.92,-87.67
2434470,casual,classic_bike,15.233333333333333,41.932588,-87.636427,41.911722,-87.626804
3282428,casual,docked_bike,12.516666666666667,41.91552,-87.687022,41.900363,-87.696704
46846,member,classic_bike,7.4,41.889187,-87.627754,41.882091,-87.639833
4348139,member,electric_bike,14.25,41.92677772,-87.634467602,41.954383,-87.648043
4150880,member,electric_bike,0.9166666666666666,41.85,-87.63,41.85,-87.63
3761715,member,classic_bike,7.55,41.795212,-87.580715,41.793242,-87.587782
29201,member,classic_bike,6.0,41.864059,-87.623727,41.872773,-87.623981
5009173,casual,electric_bike,12.366666666666667,41.8999365,-87.634447,41.88549170626906,-87.65228927135468
4021918,casual,docked_bike,16.2,41.883165,-87.6511,41.890173,-87.626185
4217996,casual,electric_bike,15.033333333333333,41.9287505,-87.663852,41.92393131136619,-87.63582453131676
454101,casual,electric_bike,10.05,41.79,-87.6,41.8,-87.59
1585465,casual,docked_bike,12.466666666666667,41.926277,-87.630834,41.918296,-87.652183
2264536,member,classic_bike,12.75,41.892278,-87.612043,41.926277,-87.630834
2266297,member,electric_bike,9.1,41.895999833333335,-87.620338,41.8810317,-87.62408432
3566474,member,classic_bike,9.183333333333334,41.85491457576575,-87.66355991363525,41.854109,-87.685838
4346516,member,classic_bike,18.916666666666668,41.966399801840986,-87.68870428204536,41.991178,-87.683593
36073,member,classic_bike,12.816666666666666,41.911974,-87.631942,41.88602082773,-87.6308760584
756464,casual,classic_bike,6.466666666666667,41.874754,-87.649807,41.87831661183069,-87.64098107814789
1484648,member,electric_bike,7.316666666666666,41.877918,-87.662057,41.880329633634624,-87.64274597167967
2321519,member,electric_bike,2.716666666666667,41.90297383333333,-87.63450083333333,41.9,-87.63
1823236,member,electric_bike,9.316666666666666,41.900744,-87.66258816666667,41.89993001,-87.63443007
4332063,casual,electric_bike,19.2,41.939387,-87.68330816666666,41.899643,-87.6677
4589487,casual,electric_bike,151.18333333333334,41.89176666666667,-87.62068266666667,41.88,-87.62
1317677,member,classic_bike,37.61666666666667,41.961004,-87.649603,41.90096039,-87.62377664
1521928,casual,classic_bike,86.28333333333333,41.98404411519213,-87.65228122472763,41.98404411519213,-87.65228122472763
2950733,casual,classic_bike,4.983333333333333,41.89675,-87.63089,41.896944626370825,-87.62175768613815
1581558,casual,classic_bike,10.0,41.957081,-87.664199,41.97334764047304,-87.6678554713726
5489762,member,classic_bike,15.7,41.88338,-87.64117,41.912133,-87.634656
1817170,casual,electric_bike,12.883333333333333,41.97,-87.69,41.93,-87.69
80349,member,electric_bike,18.333333333333332,41.88248933333333,-87.640967,41.866624,-87.694521
3678224,casual,classic_bike,18.233333333333334,41.892278,-87.612043,41.880958,-87.616743
3912902,member,classic_bike,19.666666666666668,41.838556,-87.608218,41.866095,-87.607267
3012888,casual,classic_bike,12.766666666666667,41.89576474564,-87.6259080327,41.892278,-87.612043
1027054,casual,electric_bike,4.016666666666667,41.79,-87.6,41.79,-87.6
2657535,member,electric_bike,8.7,41.898709416,-87.621813774,41.88462107257936,-87.62783423066139
326053,member,electric_bike,13.25,41.97,-87.69,41.95786652415174,-87.64950513839722
5156589,member,classic_bike,2.566666666666667,41.867227,-87.625961,41.864059,-87.623727
1113504,member,classic_bike,42.56666666666667,41.93842879148,-87.698007756,41.891578,-87.648384
3224177,member,electric_bike,16.7,41.966468166666665,-87.68869516666666,41.96,-87.75
1238557,member,classic_bike,5.483333333333333,41.880317,-87.635185,41.884241,-87.629634
839971,member,classic_bike,9.833333333333334,41.883165,-87.6511,41.872187,-87.661501
3373852,member,electric_bike,6.733333333333333,41.926239848,-87.630969644,41.940775,-87.639192
2493846,casual,classic_bike,9.85,41.945529,-87.646439,41.96167,-87.65464
4180255,member,classic_bike,11.85,41.90021949323,-87.6429854676,41.886835,-87.62232
5448648,member,classic_bike,7.5,41.793242,-87.587782,41.795264,-87.596471
4089811,member,classic_bike,32.9,41.8793563587,-87.6297910363,41.932588,-87.636427
3416629,casual,electric_bike,13.7,41.94,-87.64,41.90096039,-87.62377664
4081378,casual,electric_bike,9.883333333333333,42.0,-87.67,42.0208872805206,-87.66505792737007
4082379,member,classic_bike,10.383333333333333,41.924161029067626,-87.64638036489487,41.904613,-87.640552
2300904,casual,classic_bike,8.3,41.919936,-87.64883,41.92533,-87.6658
3197848,casual,electric_bike,26.783333333333335,41.88,-87.71,41.91,-87.71
895878,casual,electric_bike,3.7333333333333334,41.872183666666665,-87.66138883333333,41.871737,-87.65103
1578968,member,electric_bike,6.033333333333333,41.867162666666665,-87.62602483333333,41.85418424947,-87.6191537415
360226,member,electric_bike,4.366666666666666,41.874610782,-87.657058597,41.881892,-87.648789
3560767,casual,classic_bike,15.566666666666666,41.911974,-87.631942,41.9267559875,-87.6344287848
2508712,member,classic_bike,14.333333333333334,41.961004,-87.649603,41.9366884494997,-87.63682901859283
2412153,member,classic_bike,2.1,41.788746,-87.601334,41.791478,-87.599861
4156541,member,electric_bike,9.4,41.75,-87.62,41.75,-87.6
5193788,member,electric_bike,10.333333333333334,41.902301073,-87.627846956,41.89,-87.62
965193,casual,electric_bike,14.733333333333333,41.861926,-87.69347733333333,41.8776415962753,-87.64961779117584
3543828,casual,classic_bike,5.2,41.940231918108594,-87.65294373035431,41.93758231600629,-87.6440978050232
3033573,member,classic_bike,6.15,41.918216,-87.656936,41.910522,-87.653106
5121586,member,electric_bike,2.6333333333333333,41.907677293,-87.638672113,41.902924,-87.637715
1448616,casual,classic_bike,8.0,41.911722,-87.626804,41.898969,-87.629912
3026499,casual,electric_bike,12.916666666666666,41.940108418,-87.645463943,41.909668,-87.648128
2346919,casual,electric_bike,18.55,41.86656116666666,-87.706522,41.88,-87.71
4934673,casual,classic_bike,35.78333333333333,41.892592119709725,-87.61728912591934,41.890762,-87.631697
1588791,member,classic_bike,8.433333333333334,41.932225,-87.658617,41.924161029067626,-87.64638036489487
1277913,casual,electric_bike,16.733333333333334,41.85793,-87.62446216666666,41.885637,-87.641823
5421786,member,electric_bike,5.583333333333333,41.95,-87.65,41.949399,-87.654529
4517928,member,electric_bike,4.566666666666666,41.93238866666667,-87.652776,41.940231918108594,-87.65294373035431
